过年	festival
大年	festival
白露	festival
重阳节	festival
处暑	festival
除夕	festival
春分	festival
春节	festival
大寒	festival
大暑	festival
大雪	festival
地藏节	festival
冬至	festival
翻经节	festival
姑姑节	festival
谷雨	festival
鬼节	festival
寒露	festival
寒食节	festival
火把节	festival
祭祖节	festival
惊蛰	festival
阔时节	festival
腊八节	festival
立春	festival
立冬	festival
立秋	festival
立夏	festival
龙抬头	festival
芒种	festival
孟兰盆节	festival
七夕	festival
清明	festival
清明节	festival
秋分	festival
霜降	festival
夏至	festival
小寒	festival
小满	festival
小年	festival
小暑	festival
小雪	festival
雨水	festival
元宵节	festival
中秋节	festival
中元节	festival
元旦节	festival
中国13亿人口日	festival
中国110宣传日	festival
国际海关日	festival
世界麻风日	festival
农历腊月二十三小年	festival
世界湿地日	festival
农历腊月二十六立春	festival
世界抗癌症日	festival
国际声援南非日	festival
春节	festival
大年初一	festival
国际气象节	festival
情人节	festival
国际母语日	festival
国际罕见病日	festival
国际海豹日	festival
全国爱耳日	festival
学雷锋纪念日	festival
妇女节	festival
国际尊严尊敬日	festival
植树节	festival
警察日	festival
白色情人节	festival
国际消费日	festival
手拉手情系贫困小伙伴全国统一行动日	festival
世界无肉日	festival
世界森林日	festival
世界睡眠日	festival
世界儿歌日	festival
国际消除种族歧视日	festival
世界水日	festival
世界气象日	festival
世界防治结核病日	festival
中小学生安全教育日	festival
耶稣受难日	festival
愚人节	festival
国际儿童图书日	festival
世界卫生日	festival
世界帕金森病日	festival
地球日	festival
读书日	festival
世界知识产权日	festival
劳动节	festival
青年节	festival
全国爱眼日	festival
世界哮喘日	festival
母亲节	festival
世界红十字日	festival
护士节	festival
国际家庭日	festival
防治碘缺乏病日	festival
世界电信日	festival
国际博物馆日	festival
助残日	festival
中国学生营养日	festival
全国母乳喂养宣传日	festival
国际生物多样性日	festival
无烟日	festival
儿童节	festival
环境日	festival
中国文化遗产日	festival
端午节	festival
父亲节	festival
世界防治荒漠化和干旱日	festival
世界难民日	festival
国际奥林匹克日	festival
全国土地日	festival
国际禁毒日	festival
联合国宪章日	festival
香港回归纪念日	festival
建党节	festival
国际合作节	festival
抗日战争纪念日	festival
世界人口日	festival
世界海事日	festival
建军节	festival
情人节	festival
鬼节	festival
抗战胜利纪念日	festival
国际扫盲日	festival
教师节	festival
世界预防自杀日	festival
国际臭氧层保护日	festival
中国国耻日	festival
爱牙日	festival
国际和平日	festival
国际聋人节	festival
世界旅游日	festival
国庆节	festival
国际音乐日	festival
世界动物日	festival
世界住房日	festival
世界视觉日	festival
全国高血压日	festival
国际减轻自然灾害日	festival
世界邮政日	festival
世界视力日	festival
世界精神卫生日	festival
盲人节	festival
粮食节	festival
世界消除贫困日	festival
世界传统医药日	festival
联合国日	festival
人类天花绝迹日	festival
万圣节	festival
寒衣节	festival
世界勤俭日	festival
阿尔及里亚11月革命节	festival
植树造林日	festival
光棍节	festival
中国记者日	festival
消防宣传日	festival
安哥拉独立节	festival
孙中山诞辰纪念日	festival
糖尿病日	festival
下元节	festival
比利时国王日	festival
国际大学生节	festival
阿曼国庆日	festival
摩纳哥国庆节	festival
世界儿童日	festival
黎巴嫩独立日	festival
刘少奇诞辰纪念日	festival
扎伊尔第二共和国日	festival
感恩节 11月第四个星期四	festival
毛里塔尼亚独立日	festival
南斯拉夫共和国日	festival
世界艾滋病日	festival
国际残疾人日	festival
世界足球日	festival
南京大屠杀	festival
世界强化免疫日	festival
澳门回归日	festival
国际篮球日	festival
平安夜	festival
圣诞节	festival
毛泽东诞辰日	festival
