阿拉伯胶	food
阿拉伯咖啡	food
阿里山高山茶	food
阿美菲比萨	food
阿斯巴甜	food
爱尔兰咖啡	food
艾蒿糕	food
艾克雷亚	food
艾克力泡芙	food
艾仁	food
爱维	food
艾窝窝	food
艾叶生姜煨鸡蛋	food
鹌鹑蛋罐头	food
鹌鹑蛋面包	food
鹌鹑枸杞粥	food
安徽菜	food
安康米酒	food
安赛蜜	food
安阳三熏	food
桉叶素	food
桉叶糖	food
桉叶油	food
熬黄花鱼	food
奥莱咖啡	food
澳洲带子	food
澳洲万格红	food
粑粑卷	food
巴巴莱拉	food
扒板	food
宫爆鸡丁	food
八宝菠菜	food
八宝炒年糕	food
八宝饭	food
八宝桂鱼	food
八宝壶	food
八宝葫芦鸡	food
八宝鸡	food
八宝甲鱼	food
八宝梨罐	food
八宝蜜食	food
八宝酿香瓜	food
八宝糯米鸡	food
八宝青蟹饭	food
八宝瓤苹果	food
八宝山药泥	food
八宝膳粥	food
八宝香糯	food
八宝鸭	food
八宝鸭羹	food
八宝油糕	food
扒鲍鱼芦笋	food
八宝原壳鲜贝	food
八宝榛子酱	food
八宝蒸乌鸡	food
八步红瓜子	food
扒大肠油菜	food
八代鱼	food
巴丹咖啡	food
巴旦杏	food
巴伐利亚蛋糕	food
八公山豆腐	food
巴国玉米糕	food
扒海参	food
扒海羊	food
芭蕉	food
八角茴香油	food
八块鸡	food
巴拉塔树胶	food
芭乐	food
芭乐卷	food
扒栗子	food
扒龙须鲍鱼	food
扒面筋	food
扒酿海参	food
扒牛肉条	food
扒肉	food
扒三样	food
扒三样儿	food
巴山银芽	food
八生火锅	food
拔丝地瓜	food
拔丝桔子	food
拔丝空心小枣	food
拔丝蜜桔	food
拔丝苹果	food
拔丝山药	food
拔丝什锦山药	food
拔丝香蕉	food
拔丝小汤圆	food
拔丝楂糕	food
霸王鸡翅	food
八王寺汽水	food
八味酿笋	food
巴西棕榈蜡	food
八仙茶	food
八仙过海闹罗汉	food
八馅寿桃	food
八仙瑶池聚会	food
扒原壳鲍鱼	food
八珍糕	food
扒肘条	food
白扒鲍鱼	food
白扒鱼翅	food
白菜锅子	food
白菜萝卜鱼	food
白菜木须	food
百草梨膏糖	food
百草霜鸡蛋	food
白茶	food
白炒刀鱼丝	food
白炒三七花田鸡	food
白炒虾球	food
白焯响螺	food
白橙糖	food
白醋鸡蛋	food
白刀子	food
白豆	food
白肚	food
白俄罗斯鸡尾酒	food
白肺汤	food
白蜂糕	food
白宫城	food
白果	food
百果糕	food
白果桂花羹	food
白果海鲜羹	food
百果佳	food
白果苦瓜	food
白果南杏生鱼汤	food
百果年糕	food
白果烧鸡	food
百果提浆饼	food
白果鸭煲	food
白豪银针茶	food
百合冰咖啡	food
百合炒西兰花	food
百合陈皮鲫鱼汤	food
百合地黄粥	food
百合糕	food
百合罐头	food
百合莲子浆	food
百合灵芝	food
百合熘鸡片	food
百合牛肉	food
百合酥	food
百合银耳罗汉果汤	food
百合枣仁汤	food
白胡椒	food
百花大虾	food
百花糕	food
百花鸡	food
百花辽参	food
白芨冰糖燕窝	food
白吉馍	food
白芨蒸银耳	food
白兰地酒	food
百利黑樱桃罐头	food
百利甜酒慕斯蛋糕	food
百里香	food
白灵菇	food
白灵菇罐头	food
柏龙	food
白芦笋罐头	food
白萝卜苹果汁	food
白茅根蛤蜊	food
百美佳	food
白蜜黄螺	food
白蜜食	food
白米酥	food
百鸟朝凤	food
白啤酒	food
白皮酥	food
白皮枣泥饼	food
白葡萄酒	food
白巧克力冰淇淋	food
白切	food
白切鸡	food
百仁全鸭	food
白肉	food
白色桑格利亚	food
白沙井水煮白扎肉	food
白沙液酒	food
白烧鱼翅	food
百事可乐	food
百寿桃	food
白水羊头	food
白糖嫩酵糕	food
白糖云片糕	food
白天使蛋糕	food
白丸子	food
百香果	food
白鲞扣鸡	food
白羊肾羹	food
百叶酥	food
白银如意	food
白油	food
白油豆腐	food
白油肝片	food
白油肉片	food
白油桃酥	food
白玉冰皮糕	food
白玉翡翠	food
白圆蛋糕	food
白月饼	food
白云猪手	food
白斩鸡	food
百折酥糖	food
白汁菜心	food
白汁鲳鱼	food
白芷当归鲤鱼汤	food
白汁鳜鱼	food
白汁牛肉	food
白汁全鱼	food
白芷汤	food
白汁五柳鱼	food
白汁鱼肚	food
白肘子	food
白术健脾粥	food
白煮肉	food
白术猪肚汤	food
白灼	food
白灼虾	food
白灼响螺片	food
百子冬瓜	food
百子寿桃	food
拌豆腐干丝	food
拌肚丝	food
半胱氨酸盐酸盐	food
拌海蜇	food
拌黄瓜	food
班戟	food
拌鸡块	food
拌鸡丝	food
半煎煮银鱼	food
板兰根粥	food
板栗煲老鸡	food
板栗红烧肉	food
板栗酒	food
板栗焖仔鸡	food
板栗月饼	food
板栗仔鸡	food
拌莴笋	food
拌蟹肉	food
板鸭	food
拌鸭掌	food
拌银耳	food
斑鱼汤	food
半月	food
棒棒鸡	food
棒棒鸡丝	food
棒棒肉	food
宝宝福	food
宝宝桔汁	food
薄饼羊肉	food
包菜派	food
爆炒肉片	food
爆炒鳝片	food
爆炒羊肚	food
爆炒腰花	food
薄脆饼干	food
爆肚	food
爆肚仁儿	food
包袱酥	food
苞谷酒	food
豹骨酒	food
宝鸡茶酥	food
保健茶	food
保健美茶和桂圆茶	food
宝箭欧洲杯	food
保健饮料健康乐	food
包浆豆腐	food
宝矿力饮料	food
爆两样	food
爆螺片	food
堡马庄园	food
爆墨鱼花	food
爆墨鱼卷	food
爆人参鸡片	food
爆三样	food
爆三样儿	food
爆氽	food
宝箱豆腐	food
爆腰花	food
鲍鱼大枣	food
爆鱼丁	food
鲍鱼肚片汤	food
鲍鱼菇	food
鲍鱼罐头	food
鲍鱼丝瓜粥	food
保云苏	food
鲍汁百龄菇	food
爆竹鸡	food
煲猪肉汤	food
煲仔鱼丸	food
倍半碳酸钠	food
北京美晶	food
北京米花糖	food
北京蜜饯果脯	food
被膜剂	food
贝母沙参蒸雪梨	food
北芪茶酥	food
北芪瘦肉	food
贝丝扒菜胆	food
北杏参地老鸭汤	food
北杏猪肺汤	food
碧波田鸡	food
避风塘金蒜炒蟹	food
避风塘芋夹	food
碧螺春	food
碧绿虾仁	food
比目鱼	food
荸荠萝卜粥	food
荸荠山楂粥	food
比萨	food
扁豆薏米炖鸡脚	food
蝙蝠包	food
蝙蝠莲藕	food
边家辣肉丝罐头	food
煸馅水饺	food
冰醋酸	food
冰冻牛油蛋糕	food
冰粉	food
冰峰	food
冰花士干圈	food
冰花雪莲	food
冰激凌	food
冰激凌蛋糕	food
冰结构蛋白	food
冰卡布奇诺	food
槟榔子	food
冰蓼花	food
冰拿铁	food
冰拿铁咖啡	food
冰皮蛋糕	food
冰皮盐水鸡	food
冰皮月饼	food
冰片糖	food
冰淇淋蛋糕	food
冰淇淋可可卷	food
冰沙	food
冰糖百果饼	food
冰糖哈士蟆	food
冰糖葫芦	food
冰糖莲子	food
冰糖麻雀	food
冰糖乳鸽燕窝羹	food
冰糖湘莲	food
冰糖燕窝	food
冰糖银耳羹	food
冰糖蒸鸡胆	food
冰鲜什果西米捞	food
冰镇番茄汁	food
冰镇胡萝卜汁	food
冰镇芦笋汁	food
冰之恋	food
钵钵鸡	food
波波糖	food
菠菜大枣粥	food
菠菜蛋蓉	food
菠菜鸡煲	food
菠菜鸡蛋汤	food
菠菜煎饼	food
菠菜金钩豆腐汤	food
菠菜丸子汤	food
菠菜鸭肝汤	food
薄荷饼糖	food
薄荷糕	food
薄荷蔬菜沙拉	food
薄荷水蜜糕	food
薄荷素油	food
薄荷薰衣草茶	food
薄荷叶	food
薄荷叶松香	food
菠饺鱿鱼方	food
菠饺鱼肚	food
薄筋光煎稀汪酸辣香	food
伯爵茶	food
波莱城堡	food
勃郎宁块	food
玻璃蛋糕	food
玻璃明虾	food
玻璃酥鸡	food
玻璃鲜墨	food
玻璃鱿鱼	food
菠萝包	food
菠萝罐头	food
菠萝鳜鱼	food
菠萝鸡丁	food
菠萝龙眼鱼	food
菠萝蜜	food
菠萝三文鱼	food
菠萝圆片	food
博普	food
波士顿派	food
薄玉茶	food
布丁蛋糕	food
补骨饼干	food
布里芝士	food
补肾养肝茶	food
补血酥糖	food
补血羊肉乌发汤	food
补血养生茶	food
彩带鱼头	food
菜豆腐节节	food
菜豆腐稀饭	food
菜豆花	food
菜干扣肉	food
菜干鸭肾蜜枣汤	food
彩虹冰咖啡	food
彩虹水晶球	food
彩椒炒香肠	food
菜蟒	food
彩色肉丝	food
蔡氏	food
彩蔬烩鸡油饭	food
菜心炒猪肝	food
菜心烧肉鱼干	food
菜远牛肉	food
采芝斋糖果	food
菜籽油	food
餐包	food
蚕豆炒虾仁	food
蚕豆粉	food
蚕豆罐头	food
参果炖瘦肉	food
参花茶	food
参苓粉饼干	food
参麦团鱼	food
参麦雪梨瘦肉汤	food
蚕蛹罐头	food
参蒸鳝段	food
藏花饼	food
藏心鱼圆	food
草菇	food
草菇烧笋	food
草莓达瓦	food
草莓果泥	food
草莓夹心面包	food
草莓酱	food
草莓龙舌兰	food
草莓绿豆粥	food
草莓摩司	food
草莓慕斯	food
草莓奶油蛋糕	food
草莓水果塔	food
草莓小点心	food
草莓优酪乳	food
草莓芝士蛋糕	food
草香园	food
槽子糕	food
茶吡咯	food
茶饼	food
茶多酚	food
茶黄色素	food
叉烤鳜鱼	food
茶绿色素	food
叉烧炒面	food
叉烧甘露卷蛋糕	food
叉烧鸡	food
叉烧酥	food
叉烧香酥	food
叉烧鸭	food
叉烧鸭子	food
叉烧鱼	food
叉烧猪肉	food
茶食刀切	food
茶汤	food
茶香骨	food
茶香马拉糕	food
茶熏八爪鱼	food
茶叶鲫鱼汤	food
茶叶熏鸡	food
茶叶粥	food
柴把鱼	food
拆冻鲫鱼	food
拆烩大鱼头	food
拆烩鲢鱼头	food
蟾蜍水蛇粥	food
长安大麯	food
长安柿酒	food
长城	food
长城干白葡萄酒	food
长岛海鲜罐头	food
常德银片糕	food
嫦娥奔月饼	food
昌化鸡血石	food
昌化山核桃	food
长江月饼	food
长崎蜂蜜蛋糕	food
长寿薄脆	food
长寿糕	food
昌顺干货	food
长武锅盔	food
长圆糕	food
长治山楂饼	food
常州大麻糕	food
炒白鸽	food
炒白虾	food
朝包子	food
炒碧桃里脊	food
焯炒腰花	food
炒葱椒鸡	food
炒大明虾	food
炒豆腐脑	food
炒豆腐松	food
炒二冬	food
炒饵块	food
炒饵丝	food
炒番茄鸡片	food
炒凤尾虾排	food
炒芙蓉蟹	food
炒肝尖儿	food
炒肝片	food
潮糕	food
炒疙瘩	food
炒桂花翅	food
炒海蜇	food
炒禾花雀	food
炒胡萝卜酱	food
炒黄瓜酱	food
炒鸡米	food
炒鸡什件	food
炒鸡丝	food
炒豇豆	food
炒韭菜青虾	food
炒里脊丝	food
炒凉粉	food
炒萝卜	food
炒麦穗花鱿	food
炒米	food
炒米粉	food
炒米线	food
炒面	food
炒面线	food
炒绵羊丝	food
炒面鱼	food
炒茄丝	food
炒肉片儿	food
炒肉丝	food
超山梅子	food
炒山药泥	food
潮式老婆饼	food
炒四宝	food
炒丝瓜	food
炒素腰花	food
炒蹄筋儿	food
朝天锅	food
炒豌豆	food
炒豌豆夹	food
炒豌豆酱	food
炒西兰花	food
炒西施舌	food
炒虾丝	food
朝鲜蓟亚之竹心蔬菜罐头	food
炒鲜莴笋	food
炒蟹肉	food
炒鸭肠	food
炒羊肚丝	food
炒腰脑	food
超益	food
炒玉米	food
炒榛子酱	food
潮州肉冻	food
潮州烧雁鹅	food
车厘子	food
车轮酥饼	food
扯面	food
扯麺	food
车前草茶	food
车前草蔗汁粥	food
车前子茶	food
车前子红枣田螺汤	food
车前子油焖虾	food
陈醋焖咸蛋	food
陈皮爆河虾	food
陈皮车前减肥茶	food
陈皮红枣茶	food
陈皮牛肉	food
衬衫蛋糕	food
承德名胜蛋糕	food
成都蛋汤	food
成都泡椒墨鱼仔	food
成都子鸡	food
橙花排骨	food
城隍庙五香豆	food
橙酒汁	food
蛏溜奇	food
呈味核苷酸二钠	food
橙味核桃蛋糕	food
赤豆补脾粥	food
赤豆花生炖鲤鱼	food
豉椒炒牛肉	food
豉椒炒鱼干	food
豉椒带子豆腐	food
豉椒墨鱼球	food
豉椒蒸腊肉	food
赤鳞鱼	food
池塘莲花	food
赤藓红	food
赤藓红铝色淀	food
赤藓糖醇	food
赤藻糖醇	food
豉汁凉瓜炆蟹	food
豉汁蟠龙鳝	food
豉汁鱼云	food
虫草鹌鹑	food
虫草八卦汤	food
虫草杜仲炖海虾	food
虫草炖鸡	food
虫草金钱龟精	food
虫草汽锅鸡	food
虫草全鸭	food
虫草鸭舌	food
虫茶	food
虫胶	food
虫胶红	food
重庆糖衣炮弹	food
重庆芝麻片	food
重阳糕	food
重阳花糕	food
臭鳜鱼	food
初次见面	food
出口马蹄	food
川贝炖梨	food
川贝炖鹧鸪	food
川贝母海蜇瘦肉汤	food
川贝酿梨	food
川贝柠檬李	food
川贝雪梨猪肺汤	food
川菜回锅肉	food
串串香	food
川冬菜炒鲜蚕豆	food
川断	food
川红茶	food
串煎馄饨	food
川椒龙凤球	food
川辣黄瓜	food
串烧海鲜	food
传世彝方	food
川味豆卷	food
川味饺子	food
川味牛肉	food
川味糯米饭	food
川味水煮肉片	food
川西肉豆腐	food
川芎茶	food
川鱼头火锅	food
水果沙拉	food
捶烩鸡片	food
捶鸡	food
炊莲花鸡	food
炊米麸肉	food
炊麒麟鱼	food
炊石榴鸡	food
淳安猕猴桃	food
春饼	food
莼菜	food
莼菜黄鱼羹	food
春蚕吐丝	food
春风减肥茶	food
春卷	food
春蕊	food
春笋白拌鸡	food
春笋炒步鱼	food
春笋豌豆	food
椿芽焖蛋	food
刺梨夹心饼干	food
刺菱角	food
刺玫瑰	food
刺猬包	food
刺云实胶	food
葱白鸡蛋汤	food
葱包桧	food
葱爆肉丝	food
葱爆兔肉	food
葱爆羊肉	food
葱爆羊肉丁	food
葱饼	food
葱豉豆腐汤	food
葱段海参	food
葱炖猪蹄	food
葱花炒蛋	food
葱花缸炉	food
葱辣鱼	food
葱辣鱼脯	food
葱辣鱼条	food
聪明银杏茶	food
苁蓉羊肉羹	food
葱烧海参	food
葱油饼	food
葱油蛋糕	food
葱油发面饼	food
葱油核桃鱼卷	food
葱油黄鱼	food
葱油鸡	food
葱油苦瓜	food
葱油酥	food
葱油桃酥	food
葱油蒸鸭	food
醋拌莲藕	food
粗花糕	food
醋椒桂鱼	food
醋椒活鱼	food
醋辣白菜梗	food
醋溜白菜	food
醋熘鳜鱼	food
醋溜黄瓜	food
醋溜藕片	food
醋粟	food
脆瓜里脊丝	food
翠亨邨	food
翠绿玉米	food
脆蜜馃	food
脆皮肠	food
脆皮大肠	food
脆皮桂鱼	food
脆皮锅魁	food
脆皮鸡	food
脆皮卷	food
脆皮马蹄糕	food
脆皮抹茶泡芙	food
脆皮乳鸽	food
脆皮鲜果球	food
脆皮鲜奶	food
脆皮鱼香牛肉	food
脆皮鸳鸯糕	food
脆皮炸鸡	food
脆皮炸鲜奶	food
翠坪银针茶	food
脆松糖	food
脆香羊米	food
翠玉豆糕	food
翠云水煮鱼	food
脆炸火龙果	food
脆炸网油卷	food
翠竹粉蒸鮰鱼	food
翠竹粉蒸鱼	food
大白菜水饺	food
大白兔奶糖	food
大蛋散	food
方糕	food
大富豪	food
大红袍	food
大红枣露	food
大花蛋糕	food
大华酥饼	food
大黄消脂绿豆汤	food
茴香	food
大救驾	food
打老虎	food
大荔带把肘子	food
大理砂锅鱼	food
大理石蛋糕	food
大理石芝士蛋糕	food
大理石芝士条	food
大理雪茶	food
大理雪梨	food
大麻球	food
大麦茶饮料	food
大米蛋糕	food
大面白	food
大盘肚	food
大盘鸡	food
大千子鸡	food
大肉	food
大山合牌	food
大山牌	food
大石四季仔	food
大树菠萝	food
大蒜干贝	food
大蒜鲇鱼	food
大蒜鲶鱼	food
大蹄扒海参	food
雪枣	food
大叶苦茶	food
大叶乌龙	food
大叶枣	food
大有水绿豆糕	food
大鱼头豆腐汤	food
大枣百合汤	food
大枣冬菇汤	food
大枣姜汤	food
代黄杏	food
岱西白洋酥	food
岱西黑洋酥	food
岱西水葡萄	food
岱西香瓜子	food
带鱼罐头	food
蛋白果汁饮料	food
蛋白混合饮料	food
蛋白圆蛋糕	food
淡菜炖麻雀	food
淡菜紫菜瘦肉汤	food
担担面	food
蛋烘糕	food
蛋黄饼干	food
蛋黄凤尾白玉卷	food
蛋黄甘露酥	food
蛋黄果	food
蛋黄锅盔	food
蛋黄酱	food
蛋黄卷	food
蛋黄里脊卷	food
蛋黄莲蓉月饼	food
蛋黄麻花	food
蛋黄面包	food
蛋黄派	food
蛋黄千层糕	food
蛋黄酥	food
蛋黄土豆饼	food
蛋卷	food
蛋卷饼干	food
丹麦酥	food
蛋奶果子饼	food
蛋奶酥	food
淡奶油	food
淡奶油北海道土司	food
淡奶油芝麻餐包	food
丹参黄豆汤	food
蛋丝饼	food
蛋松果	food
蛋酥花仁	food
蛋酥土豆片	food
蛋心圣女果	food
蛋形巧克力	food
蛋圆饼干	food
淡糟香螺片	food
弹珠汽水	food
当归枸杞面线	food
当归红枣汤冲剂	food
当归鸡	food
当归獐肉	food
砀山梨	food
党参黄芪炖鸡汤	food
党参麦冬瘦肉汤	food
党参生鱼	food
党参羊肉	food
稻谷	food
稻花香	food
道酒	food
道口烧鸡罐头	food
刀狼	food
岛山米糖	food
稻香春南味食品	food
德国啤酒	food
德国乳酪蛋糕	food
得奖英国老黑啤	food
德懋恭水晶饼	food
德式生汁香蕉卷	food
德式土豆泥	food
德泰麦芽糕	food
德州扒鸡	food
灯草糕	food
灯芯糕	food
灯影牛肉	food
灯影牛肉干	food
灯影苕片	food
低醇啤酒	food
地胆头炖猪月展	food
地瓜饼	food
地瓜糖	food
低筋面粉	food
低聚果糖	food
迪凯堡	food
地栗糕	food
地扪菠菜叶	food
地三鲜	food
低糖蜜饯	food
地王	food
地王上岛咖啡	food
帝亚吉欧	food
低亚硫酸钠	food
低脂芝士蛋糕	food
滇八件	food
滇八件糕点	food
电饭锅盐焗手撕鸡	food
淀粉	food
淀粉磷酸酯钠	food
淀粉酶	food
淀粉软糖	food
滇红茶	food
垫江豆花	food
电解质饮料	food
靛蓝	food
靛蓝铝色淀	food
滇绿	food
滇味炒面	food
丁苯橡胶	food
定边羊羔肉	food
丁二酮	food
顶呱呱	food
定海芽尖	food
鼎湖上素	food
顶级贝利尼	food
丁基羟基茴香醚	food
丁基橡胶	food
定胜糕	food
丁酸	food
丁酸苄酯	food
丁酸丁酯	food
丁酸异戊酯	food
丁酸乙酯	food
丁酮	food
丁酰乳酸丁酯	food
丁香酚	food
丁香姜糖	food
丁香榄	food
丁香排骨	food
丁香鸭	food
顶雪贡糕	food
东安鸡	food
东安子鸡	food
东北酒	food
东壁龙珠	food
东璧龙珠	food
冬菜炖鸭	food
冬菜扣肉	food
冬菜肉末	food
冬虫草炖水鱼	food
冬虫夏草龟汤	food
冬虫夏草烩番茄	food
洞顶乌龙	food
冻豆腐金针	food
东方海川	food
东方蒙特尔	food
冬菇扒茼蒿	food
冬菇鸡脚汤	food
冬菇马蹄苋菜豆腐羹	food
冬菇藕夹	food
冬菇烧蹄筋	food
冬菇雪耳猪胰汤	food
冬瓜煲汤	food
冬瓜鳖裙羹	food
冬瓜炖排骨	food
冬瓜煎饺	food
冬瓜鳢鱼汤	food
冬瓜连锅汤	food
冬瓜排骨海带汤	food
冬瓜排骨清汤	food
冬瓜汤谱	food
冬瓜鲜荷叶煲鸭	food
冬瓜燕	food
冬瓜竹笋鸡	food
东江菜	food
东江豆腐煲	food
东江盐焗鸡	food
东坡鳊鱼	food
东坡春鸠脍	food
东坡方肉	food
东坡肉	food
东坡蒸猪头	food
东坡肘子	food
冬蓉酥	food
东山坞豆腐皮	food
冻水茶	food
冬笋鸽脯	food
冬笋里脊丝	food
冬笋三黄鸡	food
冬笋虾卷	food
冬笋雪菜黄鱼汤	food
洞庭金龟	food
洞庭水岸	food
动物油	food
侗乡腌鱼	food
冬杏田鸡精	food
东阴宫	food
冬枣	food
豆瓣海参	food
豆瓣鲫鱼	food
豆瓣鲜鱿	food
豆瓣鲜鱼	food
豆瓣鱼条	food
豆瓣肘子	food
豆豉拌凉粉	food
豆豉小辣椒	food
豆豉鱼	food
豆腐炒韭菜	food
豆腐大菜糕	food
豆腐鲫鱼	food
豆腐蛎	food
豆腐排骨	food
豆腐丸子	food
豆腐咸鱼头汤	food
豆腐蟹肉忌廉汤	food
豆腐芝士蛋糕	food
豆腐芝士三明治	food
斗糕	food
豆鼓鲇鱼	food
豆鼓鱼	food
豆浆挂面	food
豆角炒肉片	food
豆焖饭	food
豆面糕	food
豆面球	food
豆面酥糖	food
豆苗炒鸡片	food
豆苗炒虾片	food
豆苗鸡丝	food
豆苗蘑菇汤	food
豆苗虾仁	food
豆末糖	food
豆泥核桃	food
豆泥红枣	food
豆茸酿枇杷	food
豆乳	food
豆乳饮料	food
豆沙包	food
豆沙方糕	food
豆沙糕	food
豆沙凉糕	food
豆沙松糕	food
豆沙碗豆黄	food
豆沙细饼	food
豆沙月饼	food
豆香麻糍	food
豆芽拌粉条	food
豆芽罐头	food
豆芽汤	food
豆芽咸菜	food
豆油	food
豆渣猪头	food
豆汁	food
豆质罐头	food
杜本内	food
都督烧麦	food
杜康	food
杜康牌	food
杜梅酥	food
杜任酥糖	food
都匀毛尖	food
杜仲排骨炖	food
杜仲山楂猪肚汤	food
杜仲腰花	food
缎带抹茶慕斯蛋糕	food
对羟基苯甲酸丙酯钠	food
对羟基苯甲酸甲酯钠	food
对羟基苯甲酸乙酯	food
对羟基苯甲酸酯	food
炖菜核	food
炖吊子	food
炖豆腐猪蹄香菇	food
炖橄榄螺头汤	food
炖禾虫	food
炖鸡汁	food
炖口蘑龙凤珠	food
炖柠檬鸭	food
炖牛掌	food
炖人参汤	food
炖肉	food
炖羊肉	food
多彩冰皮月饼	food
多彩南瓜饭盅	food
多喝水	food
多佳	food
剁椒胖鱼头	food
剁椒小芋头	food
剁椒鱼头	food
剁椒蒸鳊鱼	food
多穗柯棕	food
多提诺	food
多味果	food
多味黄瓜	food
朵颐辣子鸡	food
厄尔尼诺鸡尾酒	food
鹅肝	food
鹅肝酱	food
鹅肝坯	food
鹅黄肉	food
阿胶炖肉	food
阿胶牛肉汤	food
阿胶养阴粥	food
鳄梨	food
俄罗斯稞麦面包	food
峨眉糕	food
鹅肉	food
峨蕊茶	food
鹅石板江湖菜	food
俄式咖啡	food
峨秀糕	food
恩济堂秋梨膏	food
恩尼艾斯	food
恩施玉露茶	food
二苯醚	food
二丁基羟基甲苯	food
二锅头	food
洱海弓鱼	food
洱海海菜	food
二甲基苄基原醇	food
二甲基二碳酸盐	food
二甲基聚硅氧烷	food
二姐兔丁	food
饵块	food
二氯苯氧乙酸	food
二藕汁	food
二氢香豆素	food
饵丝	food
儿童茶饼	food
儿童钙质饼干	food
二仙烧羊肉	food
二氧化硅	food
二氧化硫	food
二氧化氯	food
二氧化钛	food
二氧化碳	food
发菜蚝豉汤	food
发财好事	food
发菜黄花	food
法餐	food
法棍	food
法国红磨坊	food
发酵饼干	food
发酵醋蜂蜜梅果饮料	food
法式牛油炸鱼	food
法式乳酪蛋糕	food
法式乳酪月饼	food
法式桃子布丁	food
发丝百页	food
发丝百叶	food
法香	food
番荔枝	food
番茄拌豆腐	food
番茄炒豆腐	food
番茄炒西兰花	food
番茄蛋花汤	food
番茄豆腐	food
番茄海蜇	food
蕃茄鸡煲	food
番茄鸡蛋	food
番茄酱	food
番茄牛肉羹	food
番茄泡蛋汤	food
番茄肉松三文治	food
番茄薯仔牛尾汤	food
番茄松鼠鱼	food
番茄腰柳	food
番茄鱼片	food
番茄煮红衫鱼	food
反沙芋头	food
番石榴	food
翻糖国际象棋蛋糕	food
方便米粉	food
方便面	food
方便粥	food
防腐剂	food
方腊鱼	food
仿膳饽饽	food
方糖	food
方鱼蒸鸡	food
芳樟醇	food
肥肠豆花	food
非常可乐	food
肥肠笼笼	food
非常男士	food
翡翠豆腐	food
翡翠干贝冬茸羹	food
翡翠鸡翅	food
翡翠裙边	food
翡翠瑶柱羹	food
翡翠银耳	food
翡翠鱼丁	food
翡翠玉扇	food
翡翠鱼粥	food
翡翠鱼珠	food
翡翠鸳鸯带	food
沸腾可乐	food
沸腾羊肉	food
沸腾鱼	food
芬达	food
芬芳抹茶酥	food
芬兰面包	food
粉皮	food
粉皮白肉	food
粉皮辣鱼	food
粉丝焗膏蟹	food
粉丝香菇蛋汤	food
粉汤羊血	food
粉蒸鳜鱼	food
粉蒸牛肉	food
粉蒸牛羊肉	food
粉蒸排骨	food
粉蒸肉	food
粉蒸羊肉	food
蜂巢蛋糕	food
风车酥	food
丰城冻米糖	food
风炖牡丹	food
凤炖牡丹	food
凤干酥	food
蜂糕	food
凤凰出世	food
凤凰萝卜	food
凤凰趴窝	food
凤凰舌尖茶	food
凤凰水仙茶	food
凤凰鱼翅	food
凤凰鱼肚	food
凤凰展翅	food
凤筋龙爪	food
冯了性药酒	food
凤梨咖喱鸡	food
凤梨咕噜虾球	food
凤梨罐头	food
凤梨果泥	food
凤梨烩排骨	food
凤梨火腿蛋琣果	food
凤梨汤圆	food
凤梨蟹柳	food
风林茄子	food
蜂蜜蛋白奶糖	food
蜂蜜发酵营养饮料	food
蜂蜜凉棕子	food
蜂蜜芦荟果粒	food
蜂蜜麻糖	food
丰年果糖	food
凤脯珍珠	food
风庆粑粑卷	food
风情羊柳	food
丰收龙舟	food
凤吞翅	food
蜂王软糖	food
凤尾金鱼	food
风味腊肠卷	food
风味南美螺	food
凤尾群翅	food
凤尾酥	food
凤尾虾排	food
风味羊腿	food
凤尾腰花	food
凤尾鱼罐头	food
蜂窝土豆	food
凤戏牡丹	food
凤翔豆花泡馍	food
凤翔腊驴肉	food
凤眼秋波	food
凤阳酿豆腐	food
佛山盲公饼	food
佛手包	food
佛手广肚	food
佛手海参	food
佛手金卷	food
佛手蜜饯	food
佛手排骨	food
佛手三丝	food
佛手酥	food
佛手珠子	food
佛跳墙	food
府陈年糟蛋	food
富川蜜枣	food
富春鸡	food
富春江鲥鱼	food
福鼎莲芯茶白毫银针茶	food
扶风鹿糕	food
扶风鹿羔馍	food
富贵黄金卷	food
富贵手撕鸡	food
富贵有鱼	food
福建菜	food
符离鸡罐头	food
茯苓饼	food
茯苓饼干	food
茯苓糕	food
茯苓金菇	food
茯苓银耳鸽蛋	food
富马酸	food
富马酸亚铁	food
阜宁大糕	food
覆盆子	food
复盆子酮	food
腐皮包黄鱼	food
腐皮肉卷	food
腐皮虾包	food
富平太后饼	food
夫妻肺片	food
芙蓉菜心	food
芙蓉大虾	food
芙蓉蛋	food
芙蓉干贝	food
芙蓉糕	food
芙蓉海蚌	food
芙蓉海底	food
芙蓉海参	food
芙蓉鲫鱼	food
芙蓉鹿尾	food
芙蓉四宝	food
芙蓉套蟹	food
芙蓉蟹	food
芙蓉燕菜	food
芙蓉鱼骨	food
芙蓉鱼角	food
腐乳饼	food
福山烧小鸡	food
福寿临门	food
伏特加	food
富万利	food
富硒酵母	food
抚仙湖抗浪鱼	food
富阳板粟	food
富油包	food
浮油鸡片	food
复原乳	food
复元汤	food
抚州擦酥饼	food
福州龙须长春燕	food
福州茉莉花茶	food
腐竹豌豆粥	food
咖喱菜花	food
咖喱炒干丝	food
咖喱鸡丝羹	food
咖喱饺	food
咖喱焖鸡	food
咖喱牛排	food
咖喱牛肉	food
咖喱牛肉擘酥	food
咖喱牛肉饺	food
咖喱樱桃	food
改性大豆磷脂	food
甘氨酸	food
甘氨酸锌	food
干巴菌	food
干白	food
干贝海棠果	food
干贝萝卜汤	food
干贝水晶鸡	food
干贝汤	food
干煸冬笋	food
干煸鸡丁	food
干煸豇豆	food
干煸茭白	food
干煸苦瓜丝	food
干煸莲藕	food
干煸牛腩	food
干煸牛肉丝	food
干煸肉丝	food
干煸鳝背	food
干煸鳝鱼	food
干煸鳝鱼丝	food
干煸神仙蟹	food
干煸四季豆	food
干煸鲜笋	food
干煸香菇扁豆	food
干菜擦酥饼	food
干菜焖肉	food
甘草抗氧化物	food
甘草酸铵	food
甘草酸三钾	food
甘草酸一钾	food
干炒牛河	food
干炒牛肉丝	food
干风春鱼	food
肝糕汤	food
干锅带皮牛肉	food
干锅鸡翅	food
干锅腊味河蚌	food
干锅手撕包菜	food
干锅兔	food
干红	food
干火靠大虾	food
疳积糕	food
干煎黄鱼	food
干姜红茶	food
柑桔	food
干菊花粥	food
柑桔黄	food
柑橘黄	food
柑桔类果汁饮料	food
柑桔嚢胞罐头	food
甘菊猪肚	food
橄榄菜茄丁面	food
橄榄炖鸡	food
甘蓝什锦串	food
橄榄油	food
甘露饼	food
甘露酥	food
甘露糖醇	food
甘麦红枣汤	food
甘麦红枣粥	food
干梅子	food
甘柠芝麻虾	food
干烹仔鸡	food
干啤	food
干煽牛肉丝	food
干烧大虾	food
干烧冬笋	food
干烧荷包鱼	food
干烧鸡翅	food
干烧辽参	food
干烧萝卜	food
干烧明虾球	food
干烧牛筋	food
干烧牛肉片	food
干烧鱼	food
干烧鱼翅	food
甘笋甜糕	food
甘甜黑巧克力	food
甘油脂肪酸酯	food
干炸赤鳞鱼	food
干炸黄雀	food
干炸丸子	food
干炸蟹枣	food
赣州麻通	food
港红	food
港汇笋尖虾皇饺	food
高倍果汁	food
藁城贡面	food
高峰云雾茶	food
高钙糊塌子	food
高河菜	food
高力豆沙	food
高丽人参茶食礼盒	food
高丽参碳酸饮	food
高丽香蕉	food
高丽鱼条	food
高梁红	food
高粱饴糖	food
高岭土	food
高锰酸钾	food
高密蜜枣	food
高桥松饼	food
高桥银锋茶	food
高圣草酚钠盐	food
高碳醇脂肪酸酯复合物	food
高糖樱桃罐头	food
高维苏肠	food
高纤维椰果	food
高邮董糖	food
高原露	food
各地糕点名	food
各地糖果罐头小食品	food
葛根清肺汤	food
蛤蜊鲫鱼	food
格林斯通	food
哥伦比亚咖啡	food
格瓦斯饮料	food
鸽戏牛蛙	food
蛤仔猪肚汤	food
庚酸乙酯	food
耕之灵	food
宫保鹌鹑	food
宫保鸡	food
宫保鸡丁	food
宫保兔肉	food
宫保虾球	food
宫饼	food
贡菜	food
恭城柿饼	food
功德林素月饼	food
宫灯鱼丝	food
公爵樱桃	food
贡品麻花	food
宫廷风味糕点	food
宫廷排翅	food
宫庭献鱼	food
宫廷小窝头	food
枸杞茶	food
枸杞炖羊脑	food
枸杞海参鸽蛋	food
枸杞和发菜烤麸罐头	food
枸杞红枣乌鸡汤	food
枸杞菊花煲排骨	food
枸杞莲心鸡汤	food
枸杞莲子鸡汤	food
枸杞牛鞭汤	food
枸杞牛肝汤	food
枸杞山药粥	food
枸杞田螺汤	food
枸杞羊肝羹	food
枸杞粥	food
狗肉	food
谷氨酸钠	food
谷氨酰胺酶	food
谷氨酰胺转氨酶	food
古陈仓牌	food
固定化葡萄糖异构酶制剂	food
古法扣全端	food
咕咕霍夫	food
鼓椒鸡丁	food
古井	food
古井贡	food
古老肉	food
古劳银针	food
咕噜牛排	food
咕噜肉	food
骨牛排	food
骨髓肝酱罐头	food
骨髓壮	food
固体乳胶	food
固体山楂饮料	food
骨痛药酒	food
骨头汤饵丝	food
骨头汤米线	food
谷雨茶	food
古越龙山	food
古丈毛尖茶	food
鼓汁排骨	food
古钟	food
顾渚紫笋茶	food
瓜尔胶	food
寡妇之吻	food
瓜酒	food
挂炉烤鸭	food
瓜仁枣泥派	food
挂霜丸子	food
瓜萎	food
怪味白肉	food
怪味胡豆	food
怪味鸡	food
怪味鸡块	food
怪味鸡片	food
罐茶	food
罐儿鹌鹑	food
罐儿肉	food
罐儿野鸡	food
灌肺	food
冠生牌糖果	food
冠生园	food
灌汤包	food
灌汤龙凤球	food
灌汤小笼包	food
罐头梨	food
观我颐猪油糕	food
灌蟹鱼圆	food
官燕红枣奶酪	food
广安烘糕	food
光饼	food
广达香辣红烧牛肉罐头	food
广东菜	food
广东酥角	food
广东酥皮细点	food
广东桃酥	food
广东月饼	food
广汉缠丝兔	food
光环咖啡	food
广藿香油	food
广灵五香瓜子	food
广式豆蓉月饼	food
广式蜜饯	food
广式五仁月饼	food
广式月饼	food
广西壮族自治区	food
广州文昌鸡	food
归参山药猪腰	food
桂发祥麻花	food
贵妃鸡	food
贵妃鸡翅	food
贵妃鸡火锅	food
贵妃松花饼	food
桂花白糖饼	food
桂花茶饼	food
桂花翅子	food
桂花方酥	food
桂花干贝	food
桂花果粉	food
桂花海蜇	food
桂花核桃冻	food
桂花红烧肉	food
桂花浸膏	food
桂花栗饼	food
桂花莲藕	food
桂花糯米藕	food
桂花雀蛋	food
桂花肉	food
桂花酥糖	food
桂花糖大栗	food
桂花糖年糕	food
桂花香蕉	food
桂花鱼条	food
桂花元宵	food
桂花楂糕	food
桂林米粉	food
桂林酥糖	food
硅铝酸钙	food
硅铝酸钠	food
鬼马牛肉	food
桂平西山茶	food
桂醛	food
龟山茶	food
硅酸钙	food
硅酸铝	food
癸酸乙酯	food
鲑鱼慕斯泡芙	food
桂鱼排骨	food
桂圆蛋花茶罐头	food
桂圆羊肉煲	food
贵州茅台	food
棍棍麺	food
锅巴肉片	food
锅巴三鲜	food
锅包肉	food
锅煸豆腐	food
果冻布丁	food
果后	food
果佳	food
果酱蛋糕卷	food
果酱夹心饼	food
果酱夹心饼乾	food
果酱千层派	food
果酱巧克力	food
果酱瑞士卷	food
果酱三明治	food
果酱酥	food
果胶	food
果胶裂解酶	food
果胶酶制剂	food
果胶酯酶	food
锅盔馍	food
果粒茶	food
果粒悬浮饮料	food
果料糖蜂糕	food
国林	food
过桥米线	food
果仁夹心蛋糕	food
果仁排骨	food
果肉	food
锅煽豆腐	food
锅烧白菜	food
锅烧海参	food
锅烧鸡	food
锅烧鲤鱼	food
锅烧鳗	food
锅烧鸭	food
锅烧野鸭	food
锅烧肘子	food
锅烧猪蹄儿	food
国树	food
果蔬药酒	food
果蔬汁	food
锅酥牛肉	food
锅塌菠菜	food
锅塌豆腐	food
锅塌黄鱼	food
锅塌鸡片	food
锅塌鸡签	food
锅塌蒲菜	food
锅塌茄盒	food
锅榻腰盒	food
果糖饮料	food
锅贴	food
锅贴鸡片	food
锅贴饺	food
锅贴石斑夹	food
锅贴鸭方	food
锅贴鱼	food
锅贴鱼片	food
果香慕斯蛋糕	food
过氧化苯甲酰	food
过氧化钙	food
过氧化氢	food
锅熠银鱼	food
国珍	food
果汁鹌鹑	food
果汁伴侣	food
果汁鸡条	food
果汁煎鸡肉	food
果汁煎肉脯	food
果汁肉脯	food
果汁鱼块	food
哈达饼	food
哈尔滨面包	food
哈密瓜	food
哈密瓜汁罐头	food
哈特啤酒	food
海带茶	food
海带萝卜汤	food
海带焖饭	food
海带清热汤	food
海带猪骨汤	food
海东雪梨	food
海鲫鱼	food
海陆煲	food
海螺罐头	food
海萝胶	food
海马宫茶	food
海米白菜汤	food
海米拌菜花	food
海米拌黄瓜	food
海米拌莴笋	food
海米拌油菜	food
海米冬瓜	food
海米豇豆	food
海米萝卜汤	food
海米烧菜花	food
海米烧萝卜	food
海米烧茄	food
海米烧茄子	food
海米珍珠笋	food
海绵蛋糕	food
海绵糕	food
海绵果酱卷	food
海南罐装饮料	food
海南煎粽	food
海南萝卜糕	food
海南椰丝包	food
海南液体茶	food
海南椰子船	food
海参饼	food
海参炖瘦肉	food
海参羹	food
海参木耳汤	food
海参肉饼	food
海参什锦肉片	food
海参武昌鱼	food
海参肘子	food
海水煮海鱼	food
海苔戚风	food
海棠果	food
海棠汤鲍王	food
海兔酱	food
海味豆腐汤	food
海鲜大烩	food
海鲜豆腐羹	food
海鲜拼盘	food
海鲜汤	food
海鲜铁锅烧	food
海盐	food
海藻酸丙二醇酯	food
海藻酸钾	food
海藻酸钠	food
海蟑螂	food
海蜇	food
海蜇火腿羹	food
海蜇皮子	food
海蜇头子	food
海蛰腰花	food
韩包子	food
蔊菜雪梨冰糖汁	food
韩城羊肉饸饹	food
汉生胶	food
韩式烤鱿鱼	food
韩式辣酱鱿鱼丝	food
汉斯干啤	food
含羞果	food
含羞丸子	food
汉中梆梆面	food
汉中米皮	food
杭三鲜	food
杭式榴莲酥	food
杭州菜	food
杭州刺绣	food
杭州龙井	food
杭州绿豆糕	food
好吃来瓜子	food
耗儿鱼	food
豪坊	food
蒿杆炒鳝丝	food
蚝皇凤爪	food
好丝百叶	food
好胃到	food
好味鸡	food
蚝油扒冬瓜	food
蚝油芦笋沙律	food
蚝油蘑菇	food
蚝油牛肉	food
蚝油牛肉丝	food
蚝油生菜	food
蚝油网鲍片	food
蚝油鲜菇	food
蚝油鸭掌	food
荷包豆腐	food
荷煲老鸭汤	food
荷包水鱼	food
荷包鲜肉	food
荷包蟹肉	food
荷包鱿鱼	food
荷包圆子	food
合菜盖被	food
和菜罐头	food
合川肉片	food
合川桃片	food
合德堂	food
和风玉子烧	food
荷花蛋糕	food
荷花豆腐大虾	food
荷花干贝汤	food
荷花金鱼虾	food
荷花酥	food
荷花鱼翅	food
核黄素	food
荷兰水	food
荷兰毡酒	food
河内圆茶	food
和其正	food
荷芹炒腊味	food
鹤庆乾酒	food
何首乌粉	food
何首乌山鸡	food
何首乌紫菜炖豆腐	food
河水豆花	food
荷塘莲香	food
核桃冻	food
核桃豆沙味月饼	food
核桃糕	food
核桃糕和花生糕	food
核桃红米饭	food
核桃鸡汤	food
核桃夹心糕	food
核桃露丸子	food
核桃奶	food
核桃葡萄干面包	food
核桃仁	food
核桃仁小蛋糕	food
核桃松糕	food
核桃酥	food
核桃香脆	food
荷叶粉蒸鸡	food
荷叶凤脯	food
荷叶鸡	food
荷叶米粉鸡	food
荷叶柠檬瘦肉汤	food
荷叶排骨	food
荷叶肉	food
荷叶三蒸	food
荷叶乌鸡汤	food
荷叶蒸鱼	food
荷叶粥	food
合油酥	food
荷月	food
黑白冰咖啡	food
黑茶	food
黑豆	food
黑豆红	food
黑豆鲤鱼汤	food
黑豆焖猪蹄	food
黑豆渣蜂蜜小面包	food
黑豆渣黑芝麻餐包	food
黑胡椒	food
黑胡椒牛柳	food
黑胡椒碎	food
黑加仑红	food
黑椒	food
黑椒牛柳	food
黑椒牛仔骨	food
黑京果	food
黑玫瑰咖啡	food
黑莓果子爽罐头	food
黑米面炸糕	food
黑米膳粥	food
黑米松糕	food
黑木耳红枣饮	food
黑啤酒	food
黑森林	food
黑森林蛋糕	food
黑松	food
黑松沙士	food
黑糖珊瑚草	food
黑香槟	food
黑樱桃	food
黑玉米饮料	food
黑杂粮吐司面包	food
亨氏骨髓蔬菜泥	food
亨氏茄汁焗豆	food
横丝酥饼	food
红扒排翅	food
红扒鱼翅	food
红扒鱼唇	food
红扒鱼肚	food
红白姜芽	food
红茶磅蛋糕	food
红茶饼干	food
红茶海绵蛋糕	food
红茶猫舌饼	food
红茶松饼	food
红茶甜甜圈	food
红茶杏仁巧克力	food
红茶元宝	food
红橙	food
红葱烧腊肉	food
红醋栗	food
烘蛋角	food
红豆百合糖水	food
红豆蛋挞	food
红豆甘薯糖水	food
红豆酱	food
红豆鲤鱼汤	food
红豆莲枣粽	food
红豆膳粥	food
红豆土司	food
红豆薏仁冻	food
红豆芝士	food
红果	food
红果茶	food
洪湖蛋糕	food
红花黄	food
红花鸡肝饼	food
洪江鸭	food
红椒爆鲜虾	food
红椒酿肉	food
红酒醋	food
红酒牛腩	food
红菊牌萨琪玛	food
红辣椒爆炒鳝片	food
红楼糕点	food
红萝卜排骨汤	food
红绿羊羹	food
红毛丹	food
红焖海参	food
红焖麻雀	food
红焖肉	food
红米红	food
红魔鬼	food
红袍莲子	food
红袍油糕	food
红葡萄酒	food
红杞活鱼	food
红杞蒸鸡	food
红蜻蜓鱼头火锅	food
红曲红	food
红曲米	food
红苕饼	food
红烧大虾	food
红烧冬瓜	food
红烧浮皮	food
红烧腐竹	food
红烧咕噜肉	food
红烧海皇翅	food
红烧猴头蘑	food
红烧划水	food
红烧鮰鱼	food
红烧火腩	food
红烧卷鸡	food
红烧卷筒鸡	food
红烧栗子鸡	food
红烧鹿筋	food
红苕米线	food
红苕泥	food
红烧牛蒡肉捲	food
红烧牛腩	food
红烧牛肉	food
红烧牛肉罐头	food
红烧牛肉面	food
红烧牛掌	food
红烧全狗	food
红烧狮子头	food
红烧蹄筋	food
红烧五花肉	food
红烧下巴	food
红烧熊掌	food
红烧鸭翅	food
红烧野鸭	food
红烧鱼	food
红烧鱼唇	food
红烧鱼骨	food
红烧猪肚	food
红烧猪脑	food
红烧猪手	food
红烧猪蹄	food
红烧猪蹄子	food
红烧猪腰	food
红柿	food
红薯酸奶	food
红松宝	food
红松鳜鱼	food
红碎茶	food
红糖果仁饼干	food
红糖米花糖	food
红汤年糕条	food
红甜菜罐头	food
红土地	food
红萬寿	food
红万寿	food
红丸子	food
红喜包	food
红虾酥心糖	food
红雪牌柠檬汽水	food
红芽歪尾桃	food
红颜汤	food
红衣财神系列	food
红鹰牌海底鸡	food
红油	food
红油抄手	food
红油抄手酱	food
红油肚丝	food
红油耳片	food
红油鸡块	food
红鱼拜年	food
红枣煲泥鳅鱼汤	food
红枣炖蚕蛹	food
红枣炖梨	food
红枣炖肘	food
红枣茯苓粥	food
红枣枸杞奶	food
红枣红糖煮南瓜	food
红枣菊花粥	food
红枣年糕	food
红糟片鸭	food
红枣酥肉	food
红枣煨肘	food
红枣薏仁粥	food
红肘子	food
猴蘑牛头方	food
猴头菇	food
猴头菇炖竹丝鸡	food
猴头四宝	food
猴王牌速溶减肥茶	food
蝴蝶海参	food
蝴蝶烩鳝	food
蝴蝶酥	food
胡椒博士	food
胡椒海参汤	food
葫芦巴胶	food
葫芦大吉翅子	food
葫芦鸡	food
葫芦头	food
胡萝卜草莓汁	food
胡萝卜蛋糕	food
胡萝卜排骨汤	food
胡萝卜生鱼汤	food
胡萝卜素	food
湖南菜	food
虎跑素火腿	food
虎皮蛋糕	food
虎皮核桃仁	food
虎皮烩鸡丁	food
虎皮咖啡戚风卷	food
虎皮毛豆腐	food
虎皮梳子肉	food
虎皮香肉	food
琥珀鸽蛋	food
琥珀酸单甘油酯	food
琥珀酸二钠	food
烀肉	food
护色剂	food
虎山茶	food
糊塌子	food
胡桃豆腐羹	food
胡桃龙眼鸡丁	food
糊涂鸡	food
湖州肉粽	food
花菜甜玉米	food
花草堂	food
滑炒山药	food
花蛋糕	food
滑蛋牛肉	food
滑蛋虾仁	food
花点果品	food
花雕鸡	food
花雕酒	food
花雕醉虾	food
华顶云雾茶	food
花儿面包	food
华尔兹酪包	food
华夫饼干	food
花根	food
花菇石鸡	food
花菇田鸡	food
花果茶贝果	food
花果茶土司	food
花果黄鱼	food
化核加应子	food
花鸡腿菇	food
花煎饼	food
花椒红糖汤	food
花椒姜枣汤	food
花胶瘦肉羹	food
花椒鱼片	food
花开富贵	food
花篮白菜	food
华凌	food
滑溜鹌鹑	food
话梅手剥笋	food
滑嫰黄金木瓜布丁	food
花旗参炖水鸭	food
花旗参炖竹丝鸡	food
花旗参螺头汤	food
滑肉	food
滑肉白菜	food
滑肉莴笋	food
花茹田鸡	food
花生大枣猪蹄汤	food
花生豆罐	food
花生糕	food
花生桂圆红枣汤	food
花生烘糕	food
花生红米饭	food
花生鸡脚汤	food
花生酱葱花饼	food
花生酱糯米糍	food
花生酱小蛋糕	food
花生奶油夹	food
花生奶油小面包	food
花生仁拌芹菜	food
花生酥	food
花生酥心糖	food
花生衣红	food
花生油	food
花生枣	food
花生芝麻糕	food
花生支竹鱼头汤	food
花生猪蹄	food
滑石粉	food
花式麻辣小龙虾	food
花式酥	food
花式绣球酥	food
华泰名茶	food
花型小饼干	food
华珍	food
淮安茶馓	food
槐豆胶	food
槐花木耳猪肚汤	food
槐花猪肠汤	food
怀来杏脯	food
淮杞炖羊肉	food
淮杞鸡脚响螺汤	food
淮杞浸乌鸡	food
淮山芡实炖鱼肚	food
淮山薏苡仁萝卜粥	food
怀胎桂鱼	food
淮扬春卷	food
环己基氨基磺酸钙	food
环己基氨基磺酸钠	food
环己基丙酸烯丙酯	food
还童茶	food
欢心美	food
换心乌贼	food
环宇牌	food
环状糊精	food
黄茶	food
黄豆炖猪脚	food
黄豆猪肝汤	food
皇盾	food
黄糕	food
黄格蟹	food
皇宫牛肉软罐头	food
黄瓜拌鸭掌	food
黄瓜炒肉丝	food
黄瓜汆里脊片	food
黄瓜鸡杂汤	food
黄瓜苹果汁	food
黄瓜葡萄香蕉汁	food
黄瓜蟹肉筒	food
黄桂稠酒	food
黄花菜瘦肉汤	food
黄花鱼	food
煌佳	food
皇家咖啡	food
黄金堡	food
黄金豆腐	food
黄金咖喱角	food
黄金马蹄条	food
黄金肉丸	food
黄金虾托	food
黄金杏仁莲蓉月饼	food
黄精炖肉	food
黄精鸡蛋汤	food
黄精蒸鸡	food
皇岭	food
黄焖鸡块	food
黄焖甲鱼	food
黄焖鳗	food
黄焖全鸡	food
黄焖肉	food
黄焖鸭肝	food
黄米面烤粩	food
黄米面凉糕	food
黄泥螺	food
黄泥煨鸡	food
黄袍加身	food
黄耆茯苓鸡汤	food
黄桥烧饼	food
皇禽酱鸭	food
黄山炖鸽	food
黄山贡尖茶	food
黄山毛峰	food
黄山毛峰茶	food
黄山三美	food
黄山云翠	food
黄狮茶	food
黄石港饼	food
黄石溪毛峰	food
黄蜀葵胶	food
黄松糕	food
黄桃丁罐头	food
黄桃罐头	food
黄桃摩司	food
黄心管儿	food
黄岩桔饼	food
黄油	food
黄油曲奇	food
黄油圆蛋糕	food
黄油汁	food
黄鱼丝	food
黄鱼鱼肚汤	food
黄原胶	food
烩白菜	food
汇堡干红	food
徽菜	food
惠尔堂龟苓膏	food
烩肥肠	food
回锅牛小排	food
回锅肉	food
回锅鱼片	food
烩海参	food
烩金银丝	food
慧娟火腿笋干老鸭面	food
惠美寿名茶	food
烩散丹	food
烩三丝鱼翅	food
惠山油酥	food
徽式双冬	food
灰树	food
灰树花保健饮料	food
烩酸菜	food
烩豌豆	food
回味香黑鸭	food
回味鱼片	food
烩乌龟蛋	food
茴香醇	food
茴香基丙酮	food
茴香粥	food
烩蟹肉	food
烩鸭四宝	food
烩鸭腰儿	food
烩银耳	food
烩银丝	food
徽州饼	food
徽州园子	food
徽州圆子	food
荤豆花	food
婚礼蛋糕	food
荤罗汉	food
浑婆鱼头	food
婚庆蛋糕	food
馄饨	food
馄饨千层饼	food
馄饨香蕉卷	food
馄饨鸭子	food
火爆肚头	food
火爆荔枝腰	food
火爆双脆	food
火爆腰花	food
火爆腰块	food
火鞭牛肉	food
火锅粉	food
火晶柿子	food
火焗鸭	food
火炼金身	food
火龙果	food
火热香辣蟹	food
火山鸣	food
火山鸣泉	food
火烧头尾	food
火腿白菜	food
火腿饼	food
火腿炒茄瓜	food
火腿大头菜酥	food
火腿豆豉	food
火腿豆焖饭	food
火腿炖甲鱼	food
火腿鸡丝卷	food
火腿鸡杂饵丝	food
火腿萝卜饼	food
火腿萝卜丝汤	food
火腿酥腰	food
火腿土司	food
火腿鱼	food
活性钙	food
活血药酒	food
火炙糕	food
吉安薄酥饼	food
鸡包鱼翅	food
基本戚风蛋糕	food
荠菜干贝羹	food
荠菜肉馄饨	food
荠菜鱼卷	food
鸡肠饼	food
鸡翅羊肚菌	food
肌醇	food
肌醇六磷酸钠	food
鸡蛋包藕	food
鸡蛋炒菠菜	food
鸡蛋春饼	food
鸡蛋翡翠面	food
鸡蛋果奶	food
鸡蛋荞麦饼	food
鸡蛋熨斗糕	food
几丁质	food
鸡豆花	food
己二酸	food
肌苷酸二钠	food
继光饼	food
挤花	food
己基间苯二酚	food
己基肉桂醛	food
鸡里爆	food
吉利大虾	food
吉利虾	food
鸡粒玉米	food
鸡焖蟹煲	food
基摩	food
济南蜜三刀	food
激情海岸	food
己醛	food
鸡茸笔架鱼肚	food
鸡茸花菜	food
鸡茸芦笋	food
鸡蓉奶油羹	food
鸡茸瓦楞卷	food
鸡茸银耳	food
鸡茸银杏	food
鸡肉滷味	food
济生健美晶	food
即食鲍鱼	food
鸡丝豆苗	food
鸡丝虎掌菌	food
基斯乐	food
鸡丝米粉	food
鸡丝汤面	food
鸡丝燕窝	food
鸡丝月饼	food
姬松茸	food
己酸	food
己酸烯丙酯	food
己酸香叶酯	food
己酸乙酯	food
鸡汤氽海蚌	food
鸡汤煮千丝	food
鸡腿汤	food
鸡尾酒	food
鸡尾酒泡芙	food
己烯醇	food
己烯醛	food
绩溪一品锅	food
集贤里	food
吉祥顶呱呱	food
吉祥干贝	food
鸡心豆	food
鸡血汤	food
鸡油菜心	food
鸡油年糕	food
鸡油香菇	food
鲫鱼汆白玉	food
鲫鱼豆腐汤	food
鸡杂	food
鸡沾口蘑	food
鸡汁菜卷	food
鸡汁锅贴	food
鸡汁土豆泥	food
鸡汁虾卷	food
鸡汁燕窝	food
鸡纵	food
鸡纵菌罐头	food
鸡棕酥	food
甲白皮	food
家常熬鱼	food
家常炒面	food
家常豆腐	food
家常海参	food
家常鸡块	food
家常烤鸡	food
家常旺	food
嘉吉	food
甲基苯乙酮	food
甲基丁酸	food
甲基丁香酚	food
甲基环戊烯醇酮	food
甲基己醛	food
甲基邻氨基苯甲酸甲酯	food
甲基香豆素	food
甲基乙酸乙酯	food
嘉骏	food
钾明矾硫酸铝铵	food
甲壳素	food
贾三灌汤包子	food
夹沙煎饼	food
夹沙条头糕	food
夹沙月饼	food
甲酸松油酯	food
加头珠江鸳鸯月饼	food
加味二妙散	food
加馅卷糕	food
家乡南肉	food
家乡肉	food
家乡芝士蛋糕	food
夹心饼干	food
夹心柿饼	food
夹心虾糕	food
夹心蒸蛋糕	food
佳肴大盘鸡	food
加州庄园	food
煎饼	food
煎饼果子	food
煎雏肉	food
建德烧饼	food
煎豆腐鱼烙	food
煎鹅肝	food
健尔茗	food
减肥菜谱香菇豆腐	food
煎封鲳鱼	food
坚果蛋糕	food
剑花蜜枣猪肺汤	food
尖椒炒蛋	food
尖椒耗儿鱼	food
尖椒鸡	food
尖椒肉丝	food
尖椒兔	food
煎金钱牛柳	food
健康乐	food
健力	food
健力宝	food
煎连壳蟹	food
健美茶	food
尖蜜拉	food
剑南春	food
健脑补肾鸡汤	food
健脑核桃排骨汤	food
煎酿斑鸠	food
煎酿茄子	food
煎茄片	food
煎软鸡	food
碱酥饼	food
煎丸子	food
简易蛋糕	food
简易蓝莓布丁	food
煎云吞	food
煎蒸黄鱼	food
煎转鲫鱼	food
酱爆牛肉	food
酱爆青蟹	food
酱爆肉	food
酱爆肉酥饼	food
姜爆三丝	food
酱爆鸭块	food
姜爆鸭丝	food
江北花生粘	food
姜茶乌梅粥	food
酱炒鸡翼球	food
酱炒萝卜糕	food
姜葱炒蟹	food
姜葱基围虾	food
姜葱煀鲤鱼	food
姜葱螃蟹	food
姜葱蟹煲	food
酱豆腐肉	food
豇豆烧肉	food
江帆牌巧克力酒心糖	food
酱粉丝菠菜	food
酱瓜炒肉丝	food
酱核桃	food
降红木素	food
江华毛尖	food
姜黄	food
酱黄瓜	food
姜黄素	food
酱鸡	food
酱椒鱼头	food
江津米花糖	food
江米酿鸭子	food
江米条	food
酱蜜汁烤鸭脯	food
姜茸柠檬锔鸡腿	food
酱肉丝	food
姜乳蒸饼	food
江山绿牡丹茶	food
酱烧冬瓜条	food
酱烧茭白	food
酱烧茄	food
酱烧茄子	food
浆水麺	food
浆水鱼鱼	food
姜丝焗肉蟹	food
姜丝牛肉	food
姜丝肉蟹	food
江苏菜	food
酱酥桃仁	food
姜糖	food
姜味蛋糕	food
姜味甜饼	food
降压决明粥	food
降压清热海带汤	food
酱羊肉	food
江阴马蹄酥	food
酱油	food
姜油	food
酱油嫩鸡	food
酱油曲营养饮料	food
姜汁拌菠菜	food
姜汁扁豆	food
姜汁饼	food
姜汁菠菜	food
姜汁赤贝	food
姜汁刀豆	food
姜汁排叉儿	food
酱汁排骨	food
姜汁啤酒	food
姜汁热味鸡	food
姜汁热窝鸡	food
酱汁顺风糕	food
酱汁鸭方	food
姜汁鸭掌	food
降脂益寿茶	food
姜汁仔鸡	food
茭白炒毛豆	food
焦盖烧饼	food
绞股蓝粥	food
叫化鸡	food
叫化仔鸡	food
焦磷酸二氢二钠	food
焦磷酸钠	food
焦溜肥肠	food
椒麻豆腐鸡	food
椒麻鸡	food
椒麻鸡片	food
胶姆糖基础剂	food
焦圈	food
焦糖	food
焦糖布丁	food
焦糖奶油吐司	food
焦糖泡芙	food
焦糖色	food
搅团	food
焦亚硫酸钾	food
焦亚硫酸钠	food
椒盐八宝鸡	food
椒盐肚尖	food
椒盐麻饼	food
椒盐桃片	food
椒盐蹄膀	food
椒盐虾	food
椒盐肘子	food
椒油扁豆	food
椒油炝芹菜	food
饺子宴	food
解百纳	food
芥菜咸蛋鱼头汤	food
接骨糯	food
解酒方	food
芥兰炒香肠	food
芥兰牛肉	food
节路顿树胶	food
芥末	food
芥末鸭膀	food
碣滩茶	food
金澳	food
津八件	food
金巴利	food
金包银	food
金蟾拜月	food
金德啤酒	food
金岗银针茶	food
金糕	food
金糕卷	food
金钩蛋卷	food
金钩挂玉牌	food
金钩青菜心	food
金桂花茶饼	food
金汉斯烤肉	food
金华五仁月饼	food
金华玉树鸡	food
金黄蜜枣	food
金鸡独立	food
金奖惠明茶	food
金酒	food
金菊	food
金桔	food
金桔花	food
金桔丝	food
进口鲍汁海螺片	food
金绿罐礼盒	food
金牛牌奶油蛋卷	food
金牛鸭子	food
金诺	food
金牌叉烧酥	food
金牌胡萝卜	food
金牌手撕鸭	food
金牌蒜香骨	food
金牌猪手王	food
金钱草粥	food
金钱干贝	food
金钱海参	food
金钱鸡卷	food
金钱鸡塔	food
金钱口蘑汤	food
金钱牛排	food
金钱肉	food
金钱吐丝	food
金钱香菇	food
金钱洋芋饼	food
金钱鱼肚	food
金钱芝麻虾	food
金枪鱼	food
金枪鱼面包	food
金枪鱼三文治	food
金秋之梨	food
金雀舌	food
金色咖啡茶	food
金沙土豆泥	food
金山时雨茶	food
今生缘	food
进士糕和状元饼	food
金狮奶糖	food
金狮绣球	food
金丝饼	food
金丝海蟹	food
金丝琥珀蜜枣	food
金丝蜜枣	food
金丝烧麦	food
金丝玉兔	food
金粟棒棒鱼饼	food
金塘李蜜饯	food
金腿脊梅炖腰酥	food
金腿鲫鱼	food
金万利香橙白兰地咖啡	food
金万利香橙酒	food
津威	food
金威啤酒	food
金屋藏娇	food
金溪藕丝糖	food
金镶玉板	food
金杏	food
金星啤酒	food
锦绣时菜塔	food
锦绣鱼丝	food
金叶奶油蛋糕	food
金银蹄	food
金银枣	food
金樱子棕	food
金玉满堂	food
金鱼戏莲	food
金鱼鸭掌	food
金元宝	food
金枣烧排骨	food
金盏松茸	food
今朝	food
津兆尹	food
今朝缘	food
金针豆腐	food
金针粉丝煮	food
金针菇	food
金针菇冬笋	food
金针菇罐头	food
金种子	food
金钻甜奶油	food
京八件	food
菁岛啤酒	food
劲风	food
井岗翠绿	food
镜糕	food
精气神山黑猪清蒸肉罐头	food
荆沙鱼糕	food
径山茶	food
兢山泉	food
京式酸辣汤	food
京式月饼	food
敬亭绿雪茶	food
靖县蜜饯	food
景星碧绿茶	food
井研丝丝糕	food
晶玉海棠	food
韭菜包	food
韭菜包子	food
韭菜炒黄鳝	food
韭菜炒绿豆芽	food
韭菜炒肉	food
韭菜豆渣饼	food
韭菜花	food
韭菜墨鱼丝	food
韭菜苹果汁	food
韭菜肉片汤	food
韭菜丝墨鱼汤	food
韭菜鲜鱿	food
九层塔煎蛋	food
酒肠	food
酒醋汁	food
九点半	food
九洞矿泉水	food
九华毛峰	food
九黄饼	food
韭黄肉丝	food
酒精饮料	food
鸠坑毛尖	food
九里飘香	food
九龙茶	food
酒酿斑鸠	food
酒酿鸽蛋	food
酒酿金腿	food
酒烹海螺	food
九泉山水	food
酒石酸	food
酒石酸氢胆碱	food
酒石酸氢钾	food
酒香椒盐肘子	food
酒心巧克力	food
九姓团圆	food
九阳汤锅	food
鸠园栗香茶	food
九月肉片	food
聚丁烯	food
聚二甲基硅氧烷	food
聚甘油蓖麻醇酯	food
聚甘油单硬脂酸酯	food
聚甘油脂肪酸酯	food
橘红糕	food
菊花冬笋	food
菊花豆腐	food
菊花对蟹	food
菊花糕	food
菊花枸杞茶	food
菊花锅	food
菊花锅子	food
菊花海鲜锅	food
菊花黄浸膏	food
菊花火锅	food
桔花晶	food
菊花里脊	food
菊花鲈鱼	food
菊花青鱼	food
菊花酥饼	food
菊花鱿鱼	food
菊花鱼丸	food
菊花榨菜鱼卷	food
菊花猪肝汤	food
橘露汤圆	food
桔络丸子	food
桔皮酱夹心饼干	food
聚葡萄糖	food
蒟蒻凉拌	food
聚三鲜	food
橘香白巧克力	food
桔阳	food
聚氧丙烯甘油醚	food
聚氧丙烯氧化乙烯甘油醚	food
聚氧乙烯聚氧丙醇胺醚	food
聚氧乙烯聚氧丙烯胺醚	food
聚氧乙烯聚氧丙烯季戊四醇醚	food
聚氧乙烯木糖醇酐单硬脂酸酯	food
聚氧乙烯山梨醇酐单硬脂酸酯	food
聚氧乙烯山梨醇酐单油酸酯	food
聚氧乙烯山梨醇酐单月桂酸酯	food
聚氧乙烯山梨醇酐单棕榈酸酯	food
聚异丁烯	food
聚乙二醇	food
聚乙酸乙烯酯	food
聚乙烯	food
聚乙烯醇	food
菊枣蜂蜜露	food
桔子柠檬布丁	food
卷粉	food
卷筒蛋糕	food
卷心菜洋葱汁	food
决明枸杞茶	food
决明荷叶茶	food
决明胶	food
决明子茶	food
决明子粥	food
君度酒咖啡	food
君乐	food
君山银针茶	food
均质豆浆	food
君之薇	food
卡布基诺	food
卡布罗尔巴西烤肉	food
卡布奇诺冰咖啡	food
卡布奇诺蛋糕	food
咖啡蛋糕卷	food
咖啡豆	food
咖啡欧蕾	food
咖啡糖	food
咖啡小蛋糕	food
咖啡因	food
咖啡榛子蛋糕	food
卡夫果珍	food
卡拉胶	food
卡拉什尼科夫伏特加	food
卡蕾多儿	food
咖哩草菇	food
咖哩鸡	food
咖哩牛肉	food
卡通蛋糕	food
卡依之	food
卡滋	food
凯复春	food
开口笑	food
开屏柴把桂鱼	food
开平麻花	food
凯撒沙律	food
开山白毫茶	food
开水白菜	food
凯司令蛋糕	food
开胃水鱼	food
开心蔬麦	food
砍花糖	food
砍盆箐茶	food
抗坏血酸	food
抗坏血酸钙	food
抗坏血酸磷酸酯镁	food
抗坏血酸钠	food
抗坏血酸棕榈酸酯	food
康加恋舞咖啡	food
抗结剂	food
康桔桔圆果	food
炕炕馍	food
抗浪鱼	food
康师傅	food
康师傅冰红茶	food
康寿茶	food
抗衰老啤酒	food
抗氧化剂	food
扛糟鸡	food
扛糟羊肉	food
烤扁担肉	food
烤茶	food
烤蛋方糕	food
烤豆腐	food
烤麸大包	food
烤花揽鳜鱼	food
烤花揽桂鱼	food
烤黄蛋糕	food
烤鸡肉串	food
烤鳗鱼鸡蛋卷	food
烤面包盒	food
烤奶油香蕉	food
烤南瓜汤配牛油曲奇饼	food
烤牛骨	food
烤牌子	food
烤全羊	food
烤肉	food
烤乳猪	food
烤兔肉	food
考维	food
烤小鸡	food
烤小猪	food
烤羊肉	food
烤羊肉串	food
烤羊腿	food
可得然胶	food
科飞	food
客家封鸡	food
客家酿豆腐	food
壳聚糖	food
可可菠萝泡芙	food
可可蛋糕	food
可可果	food
可可基	food
可可咖啡	food
可可壳色	food
可可栗子糖	food
可可麦乳精	food
可可小圆蛋糕	food
可口可乐	food
科劳	food
可乐鸡翅	food
克里斯汀抹茶小方	food
科露蕰堡	food
克罗地可	food
可罗酒咖啡	food
可浓	food
科斯塔	food
克瓦斯	food
孔府家	food
孔府一品锅	food
空心果	food
空心魁面	food
空心琉璃丸子	food
空心南瓜饼	food
空心鱼丸汤	food
口袋豆腐	food
口福鸡	food
口感盐煎肉	food
扣鸡	food
口蘑扒鱼脯	food
口蘑鹿肉	food
口蘑蒸鸡	food
扣肉	food
扣肉梅菜	food
口水鸡	food
口味金牛蹄	food
口味龙虾仔	food
口味鳝片	food
口味蛇	food
苦艾酒	food
裤带麺	food
酷蛋白酸钠	food
苦丁茶	food
苦瓜黑鱼汤	food
苦瓜鸡片	food
苦瓜木棉花煲牛肉汤	food
苦瓜酿肉	food
苦瓜鳝鱼汤	food
苦瓜粥	food
库克洛夫	food
酷梨	food
苦中作乐	food
快乐搭档	food
矿泉水冷面	food
葵花酥饼	food
葵花虾饼	food
喹啉黄	food
奎宁水	food
葵醛	food
昆布海澡瘦肉汤	food
昆特香精	food
辣白菜	food
辣炒鱿鱼丝	food
辣炒猪肉豆腐	food
辣豉香兔	food
辣豆瓣鱼	food
辣椒炒肚片	food
辣椒炒猪肚片	food
辣椒橙	food
辣椒红	food
辣椒酱	food
辣椒泡鱼	food
辣椒蟹	food
辣椒油树脂	food
辣椒鱼	food
辣椒仔	food
腊肉炒菜苔	food
拉萨啤酒	food
腊兔肉	food
腊味煲仔饭	food
辣味过江鸡	food
腊味合蒸	food
辣味肉皮冻	food
腊味芋头糕	food
辣味炸鸡翅	food
辣油里脊丝	food
拉糟鱼块	food
辣汁酱香肘	food
辣汁泥肠	food
辣汁茄丝	food
腊汁肉	food
辣子脆肠	food
辣子肥肠	food
辣子锅巴脆皮鱼丁	food
辣子鸡	food
辣子鸡丁	food
辣子蒜羊血	food
辣子鱼块	food
赖氨酸天门冬氨酸盐	food
赖氨酸盐酸盐	food
赖家名酱	food
莱开欧胶	food
莱姆	food
莱姆费兹	food
赖汤圆	food
赖桃酥	food
蓝城	food
蓝带	food
蓝锭果红	food
兰度鸽脯	food
兰花八宝冬瓜	food
兰花茶	food
兰花春笋	food
兰花大虾	food
兰花豆干	food
蓝力	food
蓝莓蛋糕	food
蓝莓冻芝士蛋糕	food
蓝莓罐头	food
蓝莓果泥	food
蓝莓慕丝	food
蓝莓奶酪	food
蓝莓巧心饼	food
蓝莓酸奶蛋糕	food
蓝莓芝士	food
榄仁切蛋糕	food
榄仁猪油糕	food
蓝色珊瑚礁	food
蓝色香槟	food
蓝圣斯	food
岚韵雅	food
浪花天香鱼	food
朗姆酒	food
朗姆酒黑加仑乳酪	food
狼牙生菜	food
琅琊酥糖	food
琅源松萝茶	food
老巴布	food
老八大	food
老板鱼酸菜炖豆腐汤	food
老大房月饼	food
酪蛋白钙肽	food
酪蛋白磷酸肽	food
老鼎丰月饼	food
烙糕子	food
老黄瓜陈肾汤	food
老姜枸杞羊肉汤	food
老姜汤	food
老酒	food
老科曼	food
老妈子带鱼	food
老婆饼	food
崂山	food
崂山矿啤	food
崂山矿泉水和崂山可乐	food
崂山啤酒	food
老世泰糕点	food
烙司松饼	food
老孙家羊肉泡	food
老汤姆金酒	food
老汤姆毡酒	food
老童家腊羊肉	food
老鸭炖虫草	food
老鸭淮杞汤	food
老椰	food
醪糟罐头	food
醪糟鸡蛋	food
醪糟麻花	food
老竹大方茶	food
乐昌白毛茶	food
乐而美汉堡	food
乐满家	food
乐啤露	food
雷公山天麻	food
冷啖杯	food
冷冻鸭掌	food
狸便咖啡	food
礼饼	food
力存	food
李鸿章杂烩	food
利嘉	food
利口葡萄酒	food
力神	food
李杏	food
栗羊羹	food
里叶白莲	food
鲤鱼补血汤	food
鲤鱼苦瓜汤	food
鲤鱼汤	food
鲤鱼粥	food
鲤跃龙门	food
荔枝茶	food
荔枝罐头	food
荔枝肉	food
荔枝肉球	food
荔枝酥	food
荔枝鱿鱼	food
荔枝鱿鱼卷	food
栗子白菜	food
栗子煲鸡脚	food
栗子炒子鸡	food
栗子蛋糕	food
栗子糕	food
栗子淮山猪蹄汤	food
栗子黄焖鸡	food
栗子鸡	food
栗子莲子猪腰汤	food
栗子焖羊肉	food
栗子蒙布朗芝士蛋糕	food
栗子球	food
栗子肉	food
恋爱豆腐	food
联苯醚	food
连城地瓜干	food
连锅汤	food
莲花蛋糕	food
莲花卷	food
连环酥	food
连理双味鱼	food
炼奶咖啡蛋	food
莲茸层层酥	food
莲蓉甘露酥	food
莲蓉酥饼	food
莲蓉芝麻球	food
涟水鸡糕	food
链条鱼	food
连雾	food
莲香脱骨鸡	food
廉州桂圆肉	food
莲子百合糯米粥	food
莲子糕	food
莲子鸡丁	food
莲子润肤粥	food
莲子膳粥	food
莲子西瓜粥	food
莲子心甘草茶	food
莲子银耳梨	food
莲子营养粉	food
莲子猪心汤	food
莲子紫米粥	food
凉拌白萝卜丝	food
凉拌冬瓜	food
凉拌豆腐	food
凉拌海带	food
凉拌红萝卜	food
凉拌馄饨皮	food
凉拌鸡丝	food
凉拌豇豆	food
凉拌茭白	food
凉拌辣味螺	food
凉拌牛蒡	food
凉拌藕	food
凉拌藕片	food
凉拌三色	food
凉拌四宝	food
凉拌芫荽	food
凉拌鱿鱼	food
两吃菠菜	food
两吃多宝鱼	food
梁渡银针	food
凉粉	food
凉粉鲫鱼	food
凉瓜浸田鸡	food
凉瓜牛肉丝	food
凉瓜排骨	food
凉瓜肉排汤	food
亮蓝	food
亮蓝铝色淀	food
凉面	food
凉面饼子	food
两面火	food
凉皮	food
梁平甜茶	food
两情相悦	food
晾肉	food
两香问政山笋	food
蓼花	food
燎花	food
辽牛	food
疗效水果罐头	food
疗效糖果	food
疗效饮料桔红露	food
辽阳塔糖	food
邻氨基苯甲酸甲酯	food
临安山核桃	food
邻苯基苯酚	food
琳村花茶	food
临平柑蔗	food
临汝药酒	food
磷酸	food
磷酸二氢钙	food
磷酸二氢钾	food
磷酸二氢钠	food
磷酸化二淀粉磷酸酯	food
磷酸镁	food
磷酸氢二钾	food
磷酸氢二钠	food
磷酸氢钙	food
磷酸三钙	food
磷酸三钾	food
磷酸三钠	food
淋糖擘酥	food
临洮酥糖	food
磷脂	food
磷脂酶	food
磷脂酰乙醇胺	food
零点咖啡	food
菱角	food
岭南酥皮	food
鲮鱼罐头	food
凌云白毫	food
灵芝茶	food
灵芝甘草茶	food
灵芝恋玉蝉	food
灵芝饮料	food
熘白蘑	food
六堡茶	food
六必居酱菜	food
柳城云片糕	food
硫代二丙酸二月桂	food
硫代二丙酸二月桂酯	food
熘豆芽	food
溜肝尖	food
硫磺	food
溜黄菜	food
流黄青蟹	food
刘家玉米香油茶	food
六聚甘油单硬脂酸酯	food
六聚甘油单油酸酯	food
留兰香油	food
琉璃珠玑	food
榴莲酥	food
榴莲椰奶蛋糕	food
溜藕片	food
六偏磷酸钠	food
六曲香	food
硫酸钙	food
硫酸铝铵	food
硫酸铝钾	food
硫酸锰	food
硫酸铜	food
硫酸锌	food
硫酸亚铁	food
熘土豆丝	food
熘鲜蘑	food
熘蟹肉	food
浏阳茴饼	food
溜腰花	food
熘鱼焙面	food
熘鱼肚	food
馏鱼片	food
熘鱼片儿	food
熘鱼脯	food
龙抄手	food
龙川矿泉水	food
龙丹	food
龙胆酒	food
龙凤饼	food
龙凤呈祥	food
龙凤配	food
龙凤柔情	food
龙凤双腿	food
龙凤腿	food
龙凤鲜汤	food
龙宫矿泉饮料	food
龙毫花茶	food
龙虎斗	food
龙脊茶	food
龙井茶	food
龙井金鱼	food
龙井虾仁	food
龙井竹荪	food
龙俐鱼	food
龙脑	food
龙身凤尾虾	food
龙潭钓玉牌	food
龙王夜宴	food
龙虾酥糖	food
龙虾汤	food
陇县马蹄酥	food
隆鑫	food
龙须菜	food
龙须长春燕	food
龙须糕	food
龙须酥	food
龙须糖	food
龙须燕丸	food
龙眼凤肝	food
龙眼莲子羹	food
龙眼肉	food
龙眼首乌羹	food
龙眼酥	food
龙眼甜烧白	food
龙眼虾仁	food
龙眼咸烧白	food
龍韻徽酒	food
龙爪肉丝	food
六安瓜片茶	food
六安篮茶	food
鹿鞭壮阳汤	food
鲁菜	food
卤蛋	food
卤豆腐	food
卤饵块	food
卤饵丝	food
卤瓜氽黄鱼	food
芦荟酒	food
陆家浜糖枣	food
渌江牌圆蛋糕	food
鹿角菜蛤蚧水鱼汤	food
鹿角胶	food
陆良馓子	food
卤米线	food
卤面	food
路南乳饼	food
卤牛肉	food
鹿茸炖羊肾	food
鹿茸牛肉卷	food
鹿肉	food
卤肉豆沙酥饼	food
鹿肉罐头	food
鹿肉汤	food
庐山云雾茶	food
卢氏麻片	food
露丝	food
芦笋炒鸡柳	food
芦笋炒牛肉	food
芦笋大虾	food
芦笋罐头	food
芦笋鸡块	food
芦笋煎黄菜	food
芦笋牛肉	food
芦笋生鱼寿司	food
芦笋手卷	food
芦笋虾球	food
鹿宛茶	food
炉鸭	food
卤鸭翅	food
路易歌德	food
卤汁豆干	food
泸州老窖	food
炉猪	food
卤子鹅	food
滦河米糖	food
萝卜炖羊肉	food
萝卜桂鱼	food
萝卜红	food
萝卜连锅汤	food
萝卜奶汁	food
萝卜牛百叶汤	food
萝卜泡菜	food
萝卜烧排骨	food
萝卜丝饼	food
萝蔔丝酥饼	food
萝卜氽鲫鱼	food
萝卜鲜虾	food
萝卜汁粥	food
罗卜红	food
罗定鸡排	food
箩粉鱼头豆腐汤	food
罗岗话梅	food
罗汉饼	food
罗汉大虾	food
罗汉果	food
罗汉果八珍汤	food
罗汉果冲剂	food
罗汉果焖瓜子鸡	food
罗汉果西洋菜猪踭汤	food
罗汉鸭	food
落葵红	food
罗勒叶	food
罗莎草莓汁	food
洛神荷叶茶	food
洛神花茶	food
洛神花果酱	food
螺丝盒子	food
罗宋汤	food
罗望子多糖胶	food
罗先尼	food
落叶琵琶虾	food
绿草牛	food
绿茶冰淇淋慕斯	food
绿茶蛋糕	food
绿茶糕点	food
绿茶慕斯	food
绿茶糯米卷	food
绿茶软糖	food
绿茶酥	food
绿橙	food
驴打滚	food
绿豆饼	food
绿豆冬瓜汤	food
绿豆糕	food
绿豆乳饮料	food
绿豆沙果酱	food
绿豆沙酿香芋	food
绿豆凸	food
氯化胆碱	food
氯化钙	food
氯化钾	food
氯化镁	food
氯化锰	food
铝胶	food
绿窖王	food
绿菊鱼头汤	food
绿兰莎	food
绿芦笋罐头	food
绿苹果	food
绿沁园	food
驴肉	food
绿盛源	food
旅行家	food
绿叶薄荷糖	food
旅游便宴罐头	food
旅游罐头	food
绿园居	food
麻饼	food
麻糍	food
马谛氏	food
麻粉肘子	food
麻姑茶	food
麻烘糕	food
麻花酥鲫鱼	food
麻花腰子	food
麻酱白菜丝	food
麻酱拌豆腐	food
麻酱菠菜	food
麻酱凤尾	food
麻酱笋尖	food
麻酱腰片	food
马可波罗	food
麻辣白菜	food
麻辣冬瓜	food
麻辣冬笋	food
麻辣豆腐	food
麻辣翡翠面	food
麻辣狗肉	food
麻辣黄鳝	food
麻辣鸡肫毛豆	food
麻辣萝卜丝	food
麻辣牛肉	food
麻辣牛肉丝	food
麻辣肉丁	food
麻辣肉片	food
麻辣鳝片	food
麻辣水煮鱼	food
麻辣烫	food
麻辣田螺	food
麻辣香水鱼	food
麻辣野鸡	food
麻辣诱惑蛙	food
麻辣猪肝	food
麻辣猪肉干	food
麻辣子鸡	food
吗啉脂肪酸盐果蜡	food
马铃薯笋焖鸡	food
妈妈蔬菜蛋卷	food
马奶酒	food
马奶子酒	food
玛瑙银杏	food
麻婆豆腐	food
麻球王	food
麻雀肉饼	food
麻仁当归猪踭汤	food
麻仁牛舌酥	food
麻仁酥	food
麻仁酥鸭	food
麻食	food
麻食子	food
麻薯	food
马苏里拉	food
麻酥糖	food
麻酥油卷儿	food
马蹄蛋糕	food
马蹄豆腐汤	food
马蹄鸡丁	food
马提尼	food
马蹄爽糕	food
马蹄酥	food
麻香酥鸭	food
马牙肉	food
蚂蚁上树	food
麻油火鸡肾	food
麻油鸡	food
麻圆	food
麻芝	food
麻汁豇豆	food
麦德乐	food
麦冬雪梨椰片炖汤	food
麦芬蛋糕	food
麦角钙化醇	food
麦金利	food
麦金托什红苹果	food
麦精酥	food
麦胚饼干	food
麦仁牛肉粥	food
麦乳精	food
麦维素饼干	food
麦芽茶	food
麦芽党参茯苓牛肚汤	food
麦芽酚	food
麦芽山楂瘦肉炖	food
麦芽山楂饮	food
麦芽糖醇	food
麦芽养生茶	food
麦芽粥	food
麦仔茶	food
满城香	food
曼顿	food
满汉全席	food
曼可顿红豆面包	food
满台飞	food
满堂水煮鱼	food
盲公饼	food
芒果冰淇淋乳酪蛋糕	food
芒果果泥	food
芒果奶酪蛋糕	food
芒果色拉	food
芒果芝士蛋糕	food
毛豆煎臭豆腐	food
毛肚火锅	food
猫耳朵	food
猫儿面	food
毛峰熏鲥鱼	food
毛哥老鸭汤	food
茅粮	food
茅麓旗枪	food
毛毛虫面包	food
毛毛面	food
毛叔	food
茅台	food
茅台国典	food
毛桃	food
毛血旺	food
么么喳喳珍珠糖水	food
美白淡斑茶	food
梅菜扣肉	food
酶处理异槲皮苷	food
美的青春茶	food
梅干菜烧肉	food
玫瑰百果蜜糕	food
玫瑰饼	food
玫瑰冰雪酥	food
玫瑰薄荷茶	food
玫瑰豆沙月饼	food
玫瑰锅炸	food
玫瑰花粥	food
玫瑰凉糕	food
玫瑰露排骨	food
玫瑰魅力	food
玫瑰米凉虾	food
玫瑰茉莉绿茶	food
玫瑰茄红	food
玫瑰酥	food
玫瑰糖	food
玫瑰猪油松子枣泥麻饼	food
美国奥丽蓝梅淡糖浆罐头	food
美国蛇果	food
美国香瓜	food
梅花蛋糕	food
梅花香芋	food
梅花粥	food
美极基围虾	food
湄江茶和美体茶	food
美津健康饮料	food
梅兰锡咖啡	food
梅林里脊	food
美露	food
美禄	food
美禄蛋糕	food
眉毛酥	food
美柠露	food
美且有雪片	food
美人肝	food
没食子酸丙酯	food
美味楞头鱼	food
美原酥饺	food
美乐多	food
酶制剂	food
梅竹山石	food
美滋乐	food
梅子排骨	food
梅子肉	food
焖白鳝	food
焖扁豆	food
焖大虾	food
门钉肉饼	food
焖黄鳝	food
闷炉烧饼	food
焖茄子条	food
焖笋	food
焖鱼头	food
焖煮火腿白菜	food
蒙顶茶	food
蒙自年糕	food
迷迭香提取物	food
米冻	food
蜜豆鱼片	food
蜜番茄	food
米粉肉	food
米粉蒸肉	food
蜜芙蓉	food
蜜柑	food
米糕	food
蜜瓜脆鳝	food
蜜瓜螺头鸡汤	food
蜜桂花生糖	food
弥猴桃	food
猕猴桃	food
米花茶	food
米椒羊杂	food
米酒茶香鸭	food
蜜桔罐头	food
蜜桔鸡丁	food
蜜蜡肘子	food
米老鼠蛋糕	food
米凉粉	food
米凉虾	food
蜜绿豆罐	food
密蒙黄	food
迷你天鵝泡芙	food
米皮	food
米茸芋丝虾煲	food
蜜三刀	food
蜜三果	food
蜜食果	food
米糖	food
米线	food
米苋黄鱼羹	food
蜜枣桂鱼	food
蜜枣核桃	food
蜜枣羊肉	food
蜜枣洋参茶	food
蜜枣银心	food
蜜汁叉烧	food
蜜汁叉烧包	food
蜜汁春鸡	food
蜜汁肥桃	food
蜜制蜂糕	food
秘制国药中华鳖	food
蜜汁火方	food
蜜汁金枣	food
蜜汁梨球	food
密汁南瓜	food
蜜汁山药	food
蜜汁一品肉	food
秘制鸳鸯鸡	food
面包改良剂	food
面包环	food
面包糠	food
面包酥	food
面茶	food
面粉处理剂	food
面粉改良剂	food
棉花糕	food
棉花糖	food
棉花糖和桔片冻糖	food
面筋萨其玛	food
免烤起司蛋糕	food
面皮	food
面鲜	food
绵竹桔片冻糖	food
苗家咂酒	food
苗特牌	food
闽北花生酥	food
闽菜	food
闽生果	food
明矾	food
明胶	food
名酒酒心巧克力	food
明良生煎包	food
明炉梅子鸭	food
明虾金鱼酥	food
明心糖	food
铭雄明	food
明珠豆腐	food
明珠香芋饼	food
抹茶冰皮月饼	food
抹茶冰淇淋蛋糕	food
抹茶蜂蜜蛋糕	food
抹茶红豆戚风	food
抹茶咖啡	food
抹茶慕斯	food
抹茶轻乳酪蛋糕	food
抹茶椰奶凉糕	food
莫等肉松做面包	food
莫干黄芽茶	food
摩根斯特	food
蘑菇罐头	food
蘑菇黄芪炖鸡汤	food
蘑菇汤	food
蘑菇兔肉粥	food
莫基多	food
摩卡冰咖啡	food
摩卡薄荷咖啡	food
摩卡蛋糕	food
魔力冰淇淋咖啡	food
茉莉浸膏	food
摩利菌	food
茉莉鱼丁	food
沫若香茗	food
墨西哥日落冰咖啡	food
墨西哥水饺片	food
墨鱼	food
魔芋糕	food
魔芋锅巴炒肉丝	food
墨鱼香菇冬笋粥	food
魔芋鸭块	food
墨子酥	food
木材蛋糕	food
牡丹蝎托	food
沐丹阳	food
木洞晒枣	food
木耳炒肉片	food
木耳红枣粥	food
木耳黄瓜	food
木耳酱	food
木耳绿豆粥	food
木耳顺风	food
木瓜煲老鸭	food
木瓜蛋白酶	food
木瓜辽参	food
木瓜墨鱼汤	food
木瓜牛奶	food
木瓜牛乳	food
木瓜生鱼汤	food
木瓜酥	food
木瓜粟米花生生鱼汤	food
牡蛎蒸米饭	food
木轮围边戚风卷	food
慕尼黑啤酒	food
木三对	food
慕斯	food
慕思蛋糕	food
慕斯蛋糕	food
木素	food
木糖醇	food
木糖醇酐单硬脂酸酯	food
木桶辣子虾	food
母子相会	food
那不勒斯风味咖啡	food
那不勒斯咖啡	food
拿破仑奶油蛋糕	food
拿破伦酥	food
拿铁咖啡	food
纳溪泡糖	food
钠盐酚	food
奶白鲫鱼汤	food
奶层糕	food
奶黄冰皮月饼	food
奶黄雪蛤酥	food
奶黄雪梨果	food
奶酪蛋糕	food
奶酪软糖	food
奶泡咖啡	food
奶汤	food
奶汤八宝布袋鸡	food
奶汤白菜	food
奶汤火腿大鱼头	food
奶汤鸡脯	food
奶汤面	food
奶汤蒲菜	food
奶汤散丹	food
奶汤鲜核桃仁	food
奶汤元鱼	food
奶味芦笋汤	food
奶香菠菜	food
奶香玉米饼	food
奶油扒菜芯	food
奶油白酱	food
奶油菠萝冻	food
奶油草莓蛋糕	food
奶油蛋糕	food
奶油风轮酥	food
奶油瓜菇汤	food
奶油桂鱼	food
奶油核桃糕	food
奶油花蛋糕	food
奶油花生米	food
奶油花生糖	food
奶油黄金饼	food
奶油卷蛋糕	food
奶油烤菠萝什锦	food
奶油可可慕斯蛋糕	food
奶油可口蛋糕	food
奶油莲花白	food
奶油泡芙	food
奶油起酥排	food
奶油球糖和荔枝硬糖	food
奶油曲奇饼	food
奶油乳酪蛋糕	food
奶油乳酪司康	food
奶油生菜	food
奶油桃式点心	food
奶油条酥	food
奶油西兰花	food
奶油小饼干	food
奶油小蛋糕	food
奶油蟹肉	food
奶油燕窝酥	food
奶油玉米笋	food
奶油炸糕	food
奶油芝士	food
南安红啤酒	food
南北杏	food
南北杏川贝炖鹧鸪	food
南北杏仁鹌鹑汤	food
南昌炒粉	food
南昌麻仁香酥	food
南瓜饼	food
南瓜冰糖水	food
南瓜炒虾米	food
南瓜干儿糕	food
南瓜红枣排骨汤	food
南瓜花粥	food
南瓜蔓越莓吐司	food
南瓜酸奶冻	food
南瓜汤	food
南瓜小点	food
南瓜蒸肉	food
南国恋曲冰咖啡	food
南湖蟹粉	food
南荠草莓饼	food
南极磷虾罐头	food
南荠烧鸭丁	food
南煎肝	food
南煎丸子	food
南椒盐饼	food
南京雨花茶	food
南京云中的蓝莓芝士	food
南康珍珠蜜枣	food
南美白对虾	food
南宁鸡蛋糕	food
南糯白毫	food
南排杂烩	food
南瓶晚钟	food
南肉春笋	food
南乳肉	food
南乳笋鸡	food
南乳小凤饼	food
南山白毛茶	food
南山庄园	food
南宋定胜糕	food
南岳云雾茶	food
馕包肉	food
馕坑肉	food
脑磷脂	food
内江蜜饯	food
内江药疗蜜饯	food
内蒙古自治区	food
嫩豇豆汤	food
泥鳅钻豆腐	food
泥蒜炒年糕	food
年轮蛋糕	food
酿冬瓜	food
酿海参	food
酿枇杷	food
酿青椒	food
酿山药	food
酿倭瓜	food
鸟苷酸二钠	food
宁波豆酥糖	food
凝固剂	food
宁海望海茶	food
宁红茶	food
柠檬茶冻	food
柠檬蛋糕	food
柠檬黄	food
柠檬黄铝色淀	food
柠檬鸡	food
柠檬夹心蛋糕	food
柠檬摩司蛋糕	food
柠檬乳酪饼	food
柠檬酸	food
柠檬酸钙	food
柠檬酸钾	food
柠檬酸钠	food
柠檬酸铁	food
柠檬酸铁铵	food
柠檬酸亚锡二钠	food
柠檬酸一钠	food
柠檬小蛋糕	food
柠檬杏仁小蛋糕	food
柠檬薏米水	food
柠檬油	food
柠檬汁	food
宁强王家核桃饼	food
宁氏鳝丝	food
柠酸酸钾	food
宁乡蜜饯	food
柠汁焗鹌鹑	food
柠汁炸软鸡	food
牛板筋	food
牛蒡茶冻	food
牛蒡脆肠	food
牛蒡糕	food
牛蒡排骨汤	food
牛蒡沙拉	food
牛蒡香羹	food
牛抵茶	food
牛肚火锅	food
牛佛烘肘	food
牛骨	food
牛磺酸	food
牛筋煲	food
纽扣曲奇	food
牛里脊	food
牛柳	food
牛奶	food
牛奶咖啡	food
牛奶千层蛋糕	food
牛奶土司	food
牛奶玉米土司	food
牛奶朱古力	food
牛奶煮平菇	food
牛腩煲水煮牛肉	food
牛扒	food
牛排罐头	food
牛清汤	food
牛肉饼	food
牛肉羹	food
牛肉夹馍	food
牛肉焦饼	food
牛肉面	food
牛肉末炒芹菜	food
牛肉泡馍	food
牛肉蔬菜浓汤	food
牛肉馅饼	food
牛乳	food
牛水	food
牛头糕	food
牛外脊	food
牛尾汤罐头	food
牛膝炖猪蹄	food
牛膝蹄筋	food
牛羊肉干层油酥饼	food
牛油	food
牛油果	food
牛油蜜糖玉米	food
纽约芝士蛋糕	food
纽约重乳酪蛋糕	food
牛展汤	food
农夫茶	food
农夫果园	food
农家茶	food
浓缩果酱	food
浓缩果汁	food
浓香鸡块	food
浓汁鹌鹑蛋	food
诺丽	food
糯米粑粑	food
糯米八宝饭	food
糯米糍	food
糯米大枣粥	food
糯米鸡肉卷	food
糯米凉糕	food
糯米面蒸牛头糕	food
糯米内金粥	food
糯米藕片	food
糯米球	food
糯米糖藕	food
糯米团	food
糯米砣	food
糯米粥	food
女贞子酒	food
欧查果	food
偶氮甲酰胺	food
偶氮玉红	food
欧蕾冰咖啡	food
欧利伐	food
藕莲饮	food
欧培拉	food
藕片汤	food
欧式蛋糕	food
欧式重乳酪蛋糕	food
藕丝羹	food
欧斯麦蛋卷礼盒	food
藕香芹味	food
帕尔玛火腿	food
扒糕	food
扒鸡块儿	food
帕玛森芝士	food
排骨炖藕	food
盘古神鹿	food
蟠龙菜	food
潘趣酒	food
泮塘马蹄糕	food
蟠桃苹果	food
庞德咖啡	food
螃蟹酥	food
泡菜	food
泡菜爆河虾	food
泡菜炒肉末	food
泡菜鹅肠	food
泡菜肉末	food
泡菜鱼	food
泡凤爪	food
泡芙	food
泡椒黄辣丁	food
泡椒鸡片	food
泡椒墨鱼仔	food
泡椒乳鸽	food
泡椒田鸡	food
泡椒响螺片	food
泡椒蒸水鱼	food
泡馍	food
培根	food
培根面包	food
培根蔬菜卷	food
培根松仁饼干	food
沛公狗肉	food
喷火林宝坚尼	food
烹白肉	food
蓬莱米	food
蓬莱仙芝茶	food
膨松剂	food
皮蛋糕	food
皮蛋烩排骨	food
皮蛋酥	food
啤酒椒麻鸡	food
琵琶大虾	food
琵琶酥	food
枇杷叶苡仁粥	food
皮片乳猪	food
皮萨草叶	food
皮条鳝鱼	food
片儿川面	food
偏酒石酸	food
漂白剂	food
飘仙一号	food
飘香蛋挞	food
品秀牌	food
平安茶	food
平菇	food
平菇蛋汤	food
苹果白兰地咖啡	food
苹果菠萝生姜汁	food
苹果醋	food
苹果蛋糕	food
苹果炖鱼	food
苹果卷	food
苹果马提尼	food
苹果奶油蛋糕	food
苹果牛肉炖煮	food
苹果派	food
苹果啤酒	food
苹果脯和核桃仁罐头	food
苹果沙司罐头	food
苹果粟米鸡肉羹	food
苹果酸	food
苹果甜果汁	food
苹果雪耳煲雪梨	food
平锅羊肉	food
平湖糟蛋	food
平水珠茶	food
萍乡花果	food
萍乡驴肉	food
瓶装金针菇	food
萍踪叠影	food
破酥包	food
破酥包子	food
破酥缸炉	food
普洱茶	food
普洱茶糕点	food
蒲公英节	food
葡皇世家	food
蒲江蟹羹	food
浦江蟹羹	food
蒲江猪油米花糖	food
葡聚糖酶	food
普鲁红糖	food
普鲁兰酶	food
葡式蛋挞	food
普斯福特	food
脯酥金鱼	food
葡萄菠萝杏汁	food
葡萄仿	food
葡萄干	food
葡萄干炒饭	food
葡萄干低糖蛋糕卷	food
葡萄酒	food
葡萄面排	food
葡萄皮红	food
葡萄糖酸钙	food
葡萄糖酸钾	food
葡萄糖酸镁	food
葡萄糖酸锰	food
葡萄糖酸内酯	food
葡萄糖酸铜	food
葡萄糖酸锌	food
葡萄糖酸亚铁	food
葡萄香芋月饼	food
葡萄柚	food
葡萄汁	food
葡萄籽提取物	food
普陀山佛茶	food
普者黑黑鱼	food
普者黑清汤鱼	food
普者黑银鱼	food
七彩什锦煲	food
七层糕	food
脐橙	food
启发金桂花茶饼	food
戚风蛋糕	food
槭风蛋糕	food
戚风蛋卷桂花糕	food
麒福礼盒	food
汽锅鸡	food
祁红茶	food
气磺蛋	food
杞精炖鹌鹑	food
七境堂绿茶	food
漆蜡妙食	food
奇力元	food
麒麟桂鱼	food
麒麟鲈鱼	food
麒麟石斑	food
麒麟石斑鱼	food
棋盘曲奇饼	food
七鳃鳗肉	food
岐山挂面	food
岐山锅盔	food
齐山毛尖	food
岐山面皮	food
岐山臊子面	food
岐山臊子麺	food
芪烧活鱼	food
起司	food
起司蛋糕	food
奇斯多拉香肠	food
起司火腿夹心猪排	food
奇味干锅	food
奇味酱	food
棋仙峰	food
七星丸	food
奇异果	food
奇异果煎虾沙拉	food
奇异果篮	food
奇异果弥猴桃	food
奇异天空	food
漆油炒米酒	food
漆油炖鸡	food
漆油米酒	food
启元	food
芪蒸鹌鹑	food
七子饼茶	food
杞子炖羊脑	food
杞子南枣煲鸡蛋	food
杞子牛肝汤	food
棋子烧饼	food
掐菜炒鸡丝	food
千彩纯	food
千层蛋	food
千层糕	food
千层肉饼	food
千层酥	food
千层油糕	food
芡茨棕树胶	food
千岛湖红烧鱼头	food
千岛汁鸡球	food
前岗辉白茶	food
钱江鲈鱼	food
乾坤蒸狗	food
钱钱饭	food
千秋堰	food
浅色海鲜豉油	food
芡实百合芋头煲	food
芡实糕	food
芡实果	food
芡实猪肚汤	food
嵌桃麻糕	food
黔味大虾	food
犍为酥芙蓉	food
乾县锅盔	food
乾州锅盔	food
羟丙基淀粉	food
羟丙基淀粉醚	food
羟丙基二淀粉磷酸酯	food
炝炒西兰花	food
炝冬笋	food
炝豆腐	food
强儿钙	food
羟钴胺素盐酸盐	food
强化麦乳精	food
炝黄瓜	food
炝黄瓜条	food
羟基香茅醛	food
羟基硬脂精	food
羟甲基淀粉钠	food
炝茭白	food
炝辣黄瓜条	food
炝青蛤	food
炝肉	food
炝土豆丝	food
炝羊肚青椒	food
炝鱿鱼卷	food
炝糟五花肉	food
巧克力	food
巧克力爆米花	food
巧克力冰糕	food
巧克力布朗尼	food
巧克力刺猬	food
巧克力蛋糕	food
巧克力蛋卷	food
巧克力鸡尾酒	food
巧克力夹心蛋糕	food
巧克力拉花饼干	food
巧克力玛德琳	food
巧克力慕斯	food
巧克力奶	food
巧克力奶茶	food
巧克力奶油夹蛋糕	food
巧克力牛油蛋糕	food
巧克力派	food
巧克力泡芙	food
巧克力汽酒	food
巧克力奇普	food
巧克力沙司	food
巧克力收蛋泡盏	food
巧克力双色夹心糕	food
巧克力甜甜圈	food
巧克力无花果球	food
巧克力西瓜双色饼干	food
巧克力小蛋糕	food
巧克力芝士蛋糕	food
巧口	food
荞麦红豆包	food
荞麦面扒糕	food
荞面包	food
荞面包子	food
荞面饸饹	food
巧酥	food
切白卷蛋糕	food
切边缸炉	food
切糕	food
茄片吐司	food
茄汤焗香鸡	food
茄汁菜包	food
茄汁冬瓜排	food
茄汁鸡肉	food
茄汁萝卜排	food
茄汁明虾	food
茄汁牛蒡鸡块	food
茄汁牛肉饼	food
茄汁牛肉汤	food
茄汁薯枣	food
茄汁鳕鱼	food
茄汁鱼罐头	food
茄汁鱼卷	food
茄汁猪排	food
茄子粥	food
茄子煮花甲	food
芹菜拌腐竹	food
芹菜混合汁	food
芹菜牛肉丝	food
芹菜清热利尿汤	food
秦川牌	food
芹黄烧鱼条	food
芹黄鱼丝	food
琴火咖啡	food
秦妈	food
秦镇凉皮	food
秦镇米皮	food
青菠面	food
清补凉煲莲子鱼尾汤	food
清补凉乳鸽汤	food
清补羊肉汤	food
青菜肉丸汤	food
青茶	food
清肠胃热汤	food
清炒蚕豆	food
清炒海蚌	food
清炒芦笋	food
清炒三丁	food
清炒鳝丝	food
清炒虾仁	food
清炒鸭掌	food
青城茶	food
青城苦丁茶	food
青蛋糕	food
青岛	food
青岛纯生	food
青岛高粱饴	food
情岛啤酒	food
青豆牛肉末	food
清炖蚌肉	food
清炖甲鱼	food
清炖狼山鸡	food
清炖萝卜牛肉	food
清炖全鸡	food
清炖兔子	food
清炖武山鸡	food
清炖蟹粉狮子头	food
清炖羊肉	food
清风送爽	food
清宫细点	food
氰钴胺素	food
青果	food
氢化松香甘油酯	food
清华斋糕点	food
清江鱼茄子煲	food
青椒炒子鸡	food
青椒豇豆	food
青椒木耳蛋	food
青椒南瓜	food
青椒牛肉丝	food
青椒茄泥	food
青椒塞肉	food
青芥末	food
清净园午餐肉	food
清酒	food
青韭鱿鱼丝	food
庆兰馅饼	food
清凉的钵仔糕	food
清凉果签	food
青萝卜陈皮煲鸭汤	food
青梅	food
青木瓜	food
轻乳酪蛋糕	food
清润养肺汤	food
轻身减肥茶	food
清爽美颜茶	food
清水白菜	food
清水滑子蘑罐头	food
清水鲜人参罐头	food
青蒜炒腊肉	food
青蒜鲤鱼汤	food
清汤鲍鱼	food
清汤柴把鸭	food
清汤冬瓜	food
清汤饵丝	food
清汤菊花鱼	food
清汤柳叶燕菜	food
清汤米线	food
清汤牛腩	food
清汤燕菜	food
清汤银耳	food
清汤鱼	food
清汤鱼翅	food
清汤鱼圆	food
清汤圆子	food
清汤炸肚	food
清香砂焐鸡	food
青蟹粉丝煲	food
清新茵陈茶	food
清咽茶	food
青岩茗翠	food
氢氧化钙	food
氢氧化钾	food
氢氧化钠	food
清音茶	food
清炸鹌鹑	food
清炸黄河刀鱼	food
清炸麻雀	food
清真桂花茶饼	food
清真酱牛肉	food
清真什锦细点	food
清蒸鹌鹑	food
清蒸八宝猪	food
清蒸白鳝	food
清蒸翅子	food
清蒸刀鱼	food
清蒸冬瓜鸡块	food
清蒸桂鱼	food
清蒸哈什蚂	food
清蒸荷包红鲤鱼	food
清蒸鲩鱼	food
清蒸火腿	food
清蒸加吉鱼	food
清蒸甲鱼	food
清蒸江团	food
清蒸鲈鱼	food
清蒸杞甲鱼	food
清蒸青鳝	food
清蒸石斑鱼	food
清蒸鲥鱼	food
清蒸武昌鱼	food
清蒸西瓜鸡	food
清蒸鸭子	food
清蒸鹰龟	food
清蒸鲻鱼	food
青制啤酒	food
轻质碳酸钙	food
情中情	food
琼脂	food
丘北黑鱼	food
丘北银鱼	food
秋禾	food
秋菊傲霜	food
秋梨膏的做法	food
渠江	food
曲靖韭菜花	food
曲酒	food
苣荬菜包子	food
去皮番茄罐头	food
曲奇饼干	food
祛湿通淋糖水	food
全家富	food
全家福	food
全麦芽啤酒	food
泉水鸡	food
泉水焖鲩鱼	food
全丝烩鱼翅	food
全桃罐头	food
全虾三做	food
全羊汤锅	food
雀巢冰咖啡	food
雀巢淡奶油	food
雀巢黑椒牛柳	food
雀巢奶油蛋糕	food
雀巢燕麦饼干	food
瓤豆腐	food
瓤甜椒	food
热带暴风雨	food
热带杂果罐头	food
热河露	food
热酒	food
热面皮	food
热奶茶	food
热水藕	food
壬内酯	food
人参地黄炖蜜糖	food
人参枸杞酒	food
人参核桃仁粥	food
人蔘鸡	food
人参鸡肉汤	food
人参鲫鱼粥	food
人参莲子粥	food
人参软饮料	food
人参山楂晶	food
人参枣汁	food
仁寿芝麻糕	food
壬酸乙酯	food
人心果	food
韧性饼干	food
日本酱油	food
日落黄	food
日落黄铝色淀	food
日式戚风	food
日月生辉	food
蓉城鸳鸯卷	food
荣和牌	food
容美茶	food
荣氏	food
榕树茶	food
荣耀去核黑橄榄	food
肉苁蓉炖羊肉	food
肉苁蓉炖羊肾	food
肉苁蓉海参炖瘦肉	food
肉丁辣酱	food
肉罐头	food
肉桂醛	food
肉桂油	food
肉夹馍	food
肉酱茄子	food
肉类罐头	food
肉米鱼唇	food
肉末烙饼	food
肉末烧饼	food
肉末烧茄	food
肉末烧茄子	food
肉酿生麸圆	food
肉片炒莴笋	food
肉片焖扁豆	food
肉片烧茄子	food
肉片汤	food
肉脯蛋卷	food
肉茸菠菜	food
肉丝拌芹菜	food
肉丝粉皮	food
肉松咕咕霍夫面包	food
肉松卷	food
肉松面包	food
肉松元宝蛋糕	food
肉汤圆	food
肉丸胡辣汤	food
肉眼	food
肉质果	food
乳饼	food
乳茶	food
如皋董糖	food
乳鸽瓤猪肚	food
乳化硅油	food
乳化剂	food
乳椒空心菜	food
乳酒	food
乳酪蛋糕	food
乳酪蒸虾仁	food
乳扇	food
乳酸	food
乳酸钙	food
乳酸菌饮料	food
乳酸链球菌素	food
乳酸钠	food
乳酸啤酒	food
乳酸亚铁	food
乳酸乙酯	food
乳糖醇	food
乳铁蛋白	food
如意卷	food
如意酥	food
如意乌龙	food
如意竹荪	food
乳猪	food
软饼干	food
软蛋糕	food
软烧豆腐	food
软烧仔鲇	food
软炸菜花	food
软炸鸡	food
软炸鸡肝	food
软炸里脊	food
软炸虾糕	food
软炸鲜贝	food
软脂糕	food
芮城麻片	food
瑞士冰咖啡	food
瑞士果仁饼	food
瑞士黑森林蛋糕	food
瑞士卷	food
瑞士咖啡人	food
瑞士排骨	food
润肠保健茶	food
润肺菜干汤	food
润明	food
润燥黄豆肉排汤	food
萨拉米	food
萨其玛	food
萨琪玛	food
萨琪玛桃	food
撒子麻花	food
赛鲍鱼	food
噻苯咪唑	food
赛螃蟹	food
塞上香哪	food
塞外酒堡	food
三宝酱虾	food
三杯鸡	food
三杯面轮	food
三北藕丝糖	food
三不粘	food
三彩菠菜	food
三彩大虾	food
三创	food
三得利	food
三鼎	food
三丁大包	food
三丁烩虾仁	food
三冬肉片	food
三菇浸鱼云	food
三果酥	food
三花减肥茶	food
三角火烧	food
三角酥	food
三聚甘油单硬脂酸酯	food
三聚磷酸钠	food
三菌炖鸡	food
三氯蔗糖	food
三美豆腐	food
三明治	food
三皮丝	food
三七汽锅鸡	food
三七乌骨鸡	food
三七蒸鸡	food
三清碧兰	food
三色蛋	food
三色蛋糕	food
三色糕	food
三色鸡丁	food
三色鸡鱼丸	food
三色龙虾	food
三色糯米饭	food
三色鱼丸汤	food
三色杂烩粥	food
三色粘糕	food
三蛇胆饮料	food
三丝面疙瘩	food
三丝牛肉卷	food
三丝敲鱼	food
三丝清炒蟹	food
三丝汤	food
三丝驼峰	food
三丝鱿鱼	food
三丝鱼翅	food
三娃串串香火锅	food
三味豆腐	food
三文一品汤包	food
三文鱼	food
三文鱼寿司卷	food
三文鱼馅饺子	food
三虾豆腐	food
三鲜锅巴	food
三鲜锅粑	food
三鲜苦瓜汤	food
三鲜莲花酥	food
三鲜米线	food
三鲜蘑菇	food
三鲜木樨汤	food
三鲜酿面筋	food
三鲜茄子	food
三鲜砂锅	food
三鲜水饺	food
三鲜丸子	food
三鲜鸭舌	food
三鲜鱼翅	food
三益永糕点	food
三原蓼花	food
三原蓼花糖	food
馓子麻花	food
桑寄生茶	food
桑普莉	food
桑椹红	food
桑椹红枣汤	food
桑椹菊花茶	food
桑葚芝麻粥	food
桑葚粥	food
桑杏炖猪肺	food
桑芽茶	food
桑叶冻糕	food
桑叶眉豆卷	food
臊子豆花	food
色果子	food
色香味俱全	food
森参	food
森林木盒	food
砂煲鱼头	food
沙茶牛蒡	food
沙茶牛肉	food
沙丁鱼烙	food
沙锅炖吊子	food
沙锅牛尾	food
砂锅螃蟹	food
砂锅三味	food
砂锅山海	food
砂锅鸭块	food
砂锅雅鱼	food
沙锅鱿鱼	food
砂锅鱿鱼	food
砂锅鱼	food
沙蒿胶	food
沙河蛋糕	food
沙棘黄	food
沙棘汁	food
沙拉船	food
沙拉蛋	food
沙拉酱	food
沙拉酱炒鱿鱼卷	food
沙律海鲜卷	food
砂仁糕	food
砂仁羊肉汤	food
沙参排骨	food
沙参心肺汤	food
沙参玉竹老鸭汤	food
沙参玉竹猪皮汤	food
沙士	food
沙式饼干	food
沙司牛尾	food
沙湾大盘鸡	food
沙维康	food
沙窝椒汁大鱼头	food
砂窝鱼头豆腐	food
沙溪凉茶	food
沙枣	food
沙舟踏翠	food
杀猪饭	food
晒青毛茶	food
山城棒棒鸡	food
山大皇	food
山东菜	food
山东菜肉丸	food
山东菜丸	food
山核桃	food
珊瑚桂鱼	food
珊瑚花枝片	food
珊瑚金钩	food
珊瑚雪花鸡	food
珊瑚鱼丁	food
山黄皮系列糖果	food
山鸡	food
山梨醇酐单硬脂酸酯	food
山梨醇酐单油酸酯	food
山梨醇酐单月桂酸酯	food
山梨醇酐单棕榈酸酯	food
山梨醇酐三硬脂酸酯	food
山梨酸	food
山梨酸钾	food
山梨糖醇	food
山毛榉坚果	food
山霉	food
山泥子	food
单县四君子酒	food
单县羊肉汤	food
山药百合大枣粥	food
山药炒虾仁	food
山药点心	food
山药桂圆炖甲鱼	food
山药果汁牛奶	food
山药鲫鱼豆腐汤	food
山药绿豆粥	food
山药甜汤	food
山药薏仁茯苓粳米粥	food
山药炸鸭翅	food
山药蒸鲫鱼	food
山药煮豆腐	food
鳝鱼炒玉兰	food
鳝鱼鸡蛋卷	food
山嵛酸硬脂酸	food
山楂果	food
山楂合欢粥	food
山楂核桃茶	food
山楂荷叶茶	food
山楂凉茶	food
山楂马蹄糕	food
山楂迷迭香茶	food
山楂牛肉干	food
山楂肉干	food
山楂水	food
山楂饴糖	food
山楂云卷糕	food
山之韵	food
山竹	food
上海饼干	food
上海绿豆糕	food
上海蜜饯	food
上清饮	food
上清饮凉茶	food
上清饮素糖凉茶	food
上素仙鹤	food
上汤奶白菜	food
上汤虾丸	food
上杂拌	food
商芝肉	food
烧白	food
烧百合	food
烧雏鸡	food
烧豆腐	food
烧鹅仔	food
烧饵块	food
烧肺	food
艄公号子鱼	food
烧桂花肠	food
烧花鸭	food
烧萝卜	food
烧罗汉面筋	food
烧卖酥	food
烧茄子	food
烧瓤菜花	food
烧瓤鲜沙虫	food
烧肉	food
苕酥糖	food
烧填鸭	food
烧心	food
邵阳广桃酥	food
烧羊肉	food
烧鱼头	food
烧汁	food
烧汁煎生蚝	food
烧子鹅	food
绍子烘蛋	food
赊店老酒	food
射雕英雄	food
蛇羹	food
麝香草酚	food
麝香猫咖啡	food
蛇汁茯苓糕	food
神秘果	food
神农牌	food
参芪红枣乳鸽汤	food
参芪蒸猪心	food
参茸茶	food
参茸鸡肉汤	food
神仙鸭子	food
沈阳白冰糖	food
圣艾吉尼系列	food
圣奥清真原汁牛尾罐头	food
盛百威包装	food
圣堡罗	food
生爆盐煎肉	food
生炒海蚌	food
生炒蒜苔肉	food
生炊龙虾	food
生炊麒麟鱼	food
生汆丸子	food
圣诞布丁	food
圣诞老人蛋糕	food
圣诞面包	food
生地排骨汤	food
盛记	food
圣嘉	food
生煎包	food
生姜羊肉汤	food
生命知已	food
生牛肉和粉	food
生牛肉河粉	food
圣女果	food
圣杞乐	food
生敲膳丝	food
生烧筋尾舌	food
生态咖啡调糖	food
生物碳酸钙	food
生肖蛋糕	food
生熏大黄鱼	food
生鱼葛菜汤	food
生鱼丝薄饼	food
十八烷酸	food
石斑鱼	food
石耳炖鸡	food
十二酸乙酯	food
十二烷基二甲基溴化铵	food
士干皮	food
石膏	food
石斛花生米	food
石花菜鲍鱼汤	food
视黄醇	food
释迦	food
石家酱方	food
食嘉益	food
柿椒炒嫩玉米	food
什锦蛋卷	food
什锦点心	food
什锦丁儿	food
什锦冬瓜帽	food
什锦冬果	food
什锦豆腐	food
什锦豆腐煲	food
什锦豆腐汤	food
什锦蜂窝豆腐	food
什锦糕	food
什锦葛仙米	food
什锦锅巴	food
什锦锅子	food
什锦海参	food
什锦烩饭	food
什锦麦胚饼	food
什锦麦片	food
什锦米饭罐头	food
什锦南糖	food
什锦暖锅	food
什锦肉糕	food
什锦土豆泥馅冰皮月饼	food
什锦一品锅	food
石蜡	food
十里香茶	food
诗礼银杏	food
试量狗肉	food
石榴包	food
石榴鸡	food
石门空心茶	food
石磨豆花	food
食品香料	food
石屏荔枝酥	food
石岐乳鸽	food
十全大补汤	food
湿热肝炎马齿苋汤	food
事事平安	food
石狮甜果	food
石亭绿茶	food
柿叶茶	food
鲥鱼	food
食珍桔红糕	food
石竹茶	food
柿子包	food
狮子糕	food
石子馍	food
狮子头	food
师宗牛肉干	food
瘦肉汁炖虫草	food
手撕饼	food
手撕干鱼仔	food
手撕鸡	food
手撕牛肉	food
寿翁素	food
首乌肝片	food
寿星桔蜜饯	food
手抓羊排	food
手抓羊肉	food
蔬菜厚蛋烧	food
蔬菜丝沙拉	food
蔬菜汤	food
熟菜油	food
蔬菜玉米麦片粥	food
熟地山药粥	food
舒沨酒	food
树根蛋糕	food
梳乎厘	food
树花炖土鸡	food
书籍蛋糕	food
薯条手卷	food
摔饼	food
甩饼	food
双孢蘑菇罐头	food
双灯牌糖果	food
双峰	food
双鹤	food
双花饮	food
双黄鱼片	food
双椒烘蛋	food
双椒鸡	food
双烤肉	food
双立人	food
双林姑嫂饼	food
双麻酥饼	food
双玫菊茶	food
双皮刀鱼	food
双桥毛尖	food
双仁浮皮	food
双仁猪展汤	food
双色豆糕	food
双色糕	food
双色核桃饼干	food
双色绿茶饼干	food
双色绿茶蛋糕卷	food
双色马蹄糕	food
双色玫瑰鱼	food
双酥饼	food
双威	food
双味糯米糍	food
双味蹄筋	food
双喜临门	food
双乙酸钠	food
双乙酰酒石酸单甘油酯	food
双乙酰酒石酸双甘油酯	food
水八块	food
水产罐头	food
水发海参	food
水分保持剂	food
水瓜柳	food
水管面	food
水果板栗罐头	food
水果蛋糕	food
水果花篮泡芙	food
水果鸡	food
水果夹心蛋糕	food
水果煎饼卷	food
水果奶油蛋糕	food
水果派	food
水果塔	food
水浒肉	food
水花糖糕	food
水煎包	food
水饺豆沙煎饼	food
水晶饼	food
水晶翡翠饺	food
水晶粉	food
水晶橘子	food
水晶扣肉	food
水晶明虾球	food
水晶南瓜	food
水晶南瓜包	food
水晶软糖	food
水晶酥	food
水晶蹄膀香肴肉	food
水晶蟹粉卷	food
水晶肴肉	food
水晶楂糕	food
水晶肘子	food
水晶猪皮冻	food
水蜜桃	food
水泡饼干	food
水盆羊肉	food
水杨酸甲酯	food
水煮白扎肉	food
水煮春笋罐头	food
水煮冬笋罐头	food
水煮凤片	food
水煮回头鱼	food
水煮鲢鱼	food
水煮牛肉	food
水煮肉片	food
水煮笋罐头	food
水煮蹄花	food
水煮羊肉	food
水煮鱼	food
水煮猪杂	food
四宝甘笋糕	food
四宝上汤	food
四川灯草糕	food
四川辣子鸡	food
四川泡菜	food
四川泡大蒜	food
私房黄油曲奇饼干	food
司岗里	food
丝瓜百合猪肝汤	food
丝瓜炖豆腐	food
丝瓜猪肝瘦肉汤	food
司康饼	food
思朗	food
思乐冰	food
丝路春	food
司盘山梨醇酐单硬脂酸酯	food
司盘山梨醇酐单棕榈酸酯	food
四色冰皮月饼	food
四神煲豆腐	food
丝丝糕	food
斯坦利	food
司陶特啤酒	food
丝袜奶茶	food
四味山药膏	food
四喜福袋	food
四喜黄豆粒	food
四喜饺	food
四喜丸子	food
四喜鸭子	food
四喜鱼卷	food
四鲜白菜墩	food
四鲜烤麸	food
四鲜烤麸罐头	food
四样荤素	food
松脆海蜇皮	food
松风	food
松峰绿茶	food
松糕	food
松鹤延年	food
松花	food
松花饼干	food
松花淡菜粥	food
松露菌	food
松露巧克力	food
松仁粉丝	food
松茸	food
松肉	food
宋嫂鱼羹	food
松鼠鳜鱼	food
松鼠桂鱼	food
松树猴头	food
松鼠鳃鱼	food
松香甘油酯	food
松香季戊四醇酯	food
松油醇	food
松子麻饼	food
松子仁米粥	food
松子酥	food
松子鱼米	food
松子枣泥拉糕	food
苏菜	food
素炒腐球	food
素炒鸡丁	food
素炒豇豆	food
素炒茭白丝	food
素脆鳝	food
苏打饼干	food
苏打水	food
苏格兰之晨	food
素锅烤鸭	food
素锅盔	food
酥合和羊角蜜	food
酥盒回锅肉	food
酥盒子	food
素烩	food
素火腿	food
苏稽米花糖	food
速客	food
酥烂蹄筋	food
粟米菜花汤	food
粟米葫芦排骨汤	food
酥蜜鲜果夹	food
粟米香菇排骨汤	food
粟米粥	food
素酿南瓜	food
酥皮鸡饺	food
酥皮龙虾	food
酥皮麻饼	food
酥皮芋蓉盅	food
酥皮月饼	food
速溶茶	food
速溶咖啡	food
素烧鹅	food
苏式百果月饼	food
苏式点心	food
苏式蜜饯	food
苏式清水玫瑰月饼	food
苏式鲜肉月饼	food
苏式蒸蛋糕	food
宿松雪枣	food
酥小鲫鱼	food
酥性饼干	food
酥盐鸡块	food
苏叶厚朴汤	food
酥炸春花肉	food
酥炸禾花雀	food
酥炸嫩鸡	food
酥炸牛柳	food
酥炸牛肉卷	food
酥炸排骨	food
酥炸茄盒	food
酥炸鸭子	food
酥炸芝麻鱼	food
苏州话梅	food
苏州茉莉花茶	food
蒜拌空心菜	food
蒜爆肉	food
酸菜火锅	food
酸菜梅鱼	food
酸菜牛	food
酸菜牛肉	food
酸菜牛肉丸子	food
酸菜藕片	food
酸菜鱿鱼	food
酸菜鱼	food
酸菜煮鱼	food
酸橙	food
酸豆	food
酸豆角炒肉末	food
酸度调节剂	food
酸辣白菜	food
酸辣粉	food
酸辣凤爪	food
酸辣狗肉	food
酸辣瓜片	food
酸辣海参锅巴	food
酸辣鸡丁	food
酸辣青蚝	food
酸辣臊子蹄筋	food
酸辣汤	food
酸辣蹄筋	food
酸辣土豆丝	food
酸辣鱿鱼丝	food
酸辣鱼	food
酸辣肘子	food
酸莓	food
酸梅汤	food
蒜苗炒虾	food
蒜苗火鸡排	food
酸蘑罐头	food
酸奶低糖蛋糕	food
酸奶慕丝蛋糕	food
酸奶戚风	food
酸奶芝士蛋糕	food
蒜泥黄瓜	food
蒜泥茄子	food
酸牛乳	food
蒜蓉辣椒鲜鱿煲	food
蒜薹烧肉	food
酸汤饵丝	food
酸汤龙骨面	food
酸汤米线	food
蒜香豆豉蒸扇贝	food
蒜香煎海虾	food
蒜香鲶鱼	food
酸性红	food
酸腌菜炒藕	food
酸枣露	food
酸枣仁枸杞茶	food
酸枣色	food
酸枣汁汽水	food
蒜子瑶柱豆苗	food
蒜子瑶柱脯	food
遂川狗牯脑	food
碎米鸡丁	food
碎末鸡丁	food
隋王府系列	food
绥阳空心面	food
笋鲍鱼汤	food
笋烧海参	food
笋丝百叶	food
羧甲基淀粉钠	food
羧甲基纤维素钠	food
梭子蟹	food
塔比的假日	food
鳎目鱼	food
塔牌	food
挞挞面	food
泰安煎饼	food
泰安油煎包	food
太白鸭	food
太白庄园	food
苔菜明虾	food
苔菜千层酥	food
苔菜小方烤	food
苔菜油占子	food
台茶	food
泰德马帝	food
太谷饼	food
泰国炸鱼	food
太和桃脯	food
泰和乌鸡	food
太极干巴菌	food
太极双泥	food
太极双丝	food
太极鱼翅	food
太极芋头	food
太平猴魁茶	food
太平猴魁绿茶	food
泰山女儿茶	food
太史饼	food
台式卤肉酥	food