阿巴斯	moviestar
阿布拉泽	moviestar
阿尔莫多瓦	moviestar
阿尔特曼	moviestar
阿克曼	moviestar
阿朗达	moviestar
阿伦雷乃	moviestar
阿伦雷奈	moviestar
阿梅利奥	moviestar
阿梅纳瓦尔	moviestar
阿莫多瓦	moviestar
阿瑟佩恩	moviestar
埃里克侯麦	moviestar
安东尼奥尼	moviestar
安东尼明格拉	moviestar
安杰伊瓦伊达	moviestar
安哲	moviestar
安哲洛普罗斯	moviestar
安哲罗普洛斯	moviestar
奥尔米	moviestar
奥古斯特	moviestar
奥利弗斯通	moviestar
邦达尔丘克	moviestar
贝尔托鲁齐	moviestar
贝托鲁奇	moviestar
彼得威尔	moviestar
比利奥古斯特	moviestar
伯格曼	moviestar
波兰斯基	moviestar
布莱松	moviestar
布雷拉	moviestar
布里叶	moviestar
布里耶	moviestar
布列松	moviestar
布努埃尔	moviestar
布努艾尔	moviestar
蔡明亮	moviestar
陈英雄	moviestar
成濑巳喜男	moviestar
楚弗	moviestar
大岛渚	moviestar
大卫芬奇	moviestar
大卫里恩	moviestar
大卫林奇	moviestar
达维尼埃	moviestar
丹尼波勒	moviestar
法斯宾德	moviestar
范桑特	moviestar
费德里科费里尼	moviestar
费里尼	moviestar
福尔曼	moviestar
弗朗索瓦欧容	moviestar
福特科波拉	moviestar
盖里奇	moviestar
戈达尔	moviestar
格林那威	moviestar
沟口健二	moviestar
郭利斯马基	moviestar
赫尔佐格	moviestar
河濑直美	moviestar
黑泽明	moviestar
侯麦	moviestar
黄蜀芹	moviestar
霍尔斯特罗姆	moviestar
基阿鲁斯塔米	moviestar
吉姆贾木许	moviestar
基斯洛夫斯基	moviestar
基亚罗斯塔米	moviestar
基耶斯洛夫斯基	moviestar
贾法帕纳西	moviestar
贾曼	moviestar
贾木许	moviestar
加斯范桑特	moviestar
简坎皮恩	moviestar
居内特	moviestar
卡拉克斯	moviestar
卡拉托佐夫	moviestar
卡洛斯绍拉	moviestar
卡慕斯	moviestar
卡萨维特斯	moviestar
卡索维茨	moviestar
卡瓦尼	moviestar
坎皮恩	moviestar
考里斯玛基	moviestar
科波拉	moviestar
科恩兄弟	moviestar
克隆伯格	moviestar
库布里克	moviestar
库斯图里卡	moviestar
昆汀塔伦蒂诺	moviestar
拉斯冯提尔	moviestar
赖声川	moviestar
莱翁内	moviestar
雷奥卡拉克斯	moviestar
雷乃	moviestar
雷奈	moviestar
雷伊	moviestar
李沧东	moviestar
里恩	moviestar
里维特	moviestar
梁赞诺夫	moviestar
林权泽	moviestar
林赛安德森	moviestar
路学长	moviestar
路易马勒	moviestar
罗麦尔	moviestar
罗曼波兰斯基	moviestar
吕克贝松	moviestar
马丁斯科塞斯	moviestar
马丁斯科西斯	moviestar
马赫马巴夫	moviestar
马吉德马吉迪	moviestar
马吉迪	moviestar
马克马巴夫	moviestar
迈克利	moviestar
麦克李	moviestar
迈克尼科尔斯	moviestar
曼采夫斯基	moviestar
曼切夫斯基	moviestar
米尔乔曼切夫斯基	moviestar
米哈尔科夫	moviestar
米拉奈尔	moviestar
米洛斯福尔曼	moviestar
明格拉	moviestar
莫雷蒂	moviestar
莫森马克马巴夫	moviestar
南尼莫雷蒂	moviestar
尼基塔米哈尔科夫	moviestar
尼科尔斯	moviestar
宁瀛	moviestar
欧容	moviestar
帕纳西	moviestar
帕索里尼	moviestar
乔治卢卡斯	moviestar
丘赫莱伊	moviestar
让吕克戈达尔	moviestar
让皮埃尔居内特	moviestar
让雅克阿诺	moviestar
萨伯	moviestar
萨列斯	moviestar
萨米拉马克马巴夫	moviestar
森田芳光	moviestar
绍拉	moviestar
深作欣二	moviestar
市川昆	moviestar
石挥	moviestar
施隆多夫	moviestar
斯科塞斯	moviestar
斯科西斯	moviestar
斯派克李	moviestar
寺山修司	moviestar
索德伯格	moviestar
索科洛夫	moviestar
索库洛夫	moviestar
塔尔可夫斯基	moviestar
塔尔科夫斯基	moviestar
塔伦蒂诺	moviestar
塔维尼埃	moviestar
塔维亚尼兄弟	moviestar
汤姆提克威	moviestar
特吕弗	moviestar
提克威	moviestar
托纳多雷	moviestar
瓦伊达	moviestar
维姆文德斯	moviestar
维斯康蒂	moviestar
文德斯	moviestar
伍迪艾伦	moviestar
西米诺	moviestar
夏布洛尔	moviestar
夏布罗尔	moviestar
夏洛尔	moviestar
相米慎二	moviestar
小津	moviestar
小津安二郎	moviestar
小栗康平	moviestar
小林正树	moviestar
熊井启	moviestar
雅克里维特	moviestar
亚历山大索科洛夫	moviestar
亚历山大索库洛夫	moviestar
扬索	moviestar
杨索	moviestar
伊丹十三	moviestar
英格玛伯格曼	moviestar
张班歌	moviestar
周防正行	moviestar
竹中直人	moviestar
