阿饭	novel
爱来爱去	novel
暧昧	novel
暗房	novel
暗狙	novel
黯乡魂	novel
暗行者	novel
暗夜君王	novel
暗夜梦呓	novel
暗夜行者	novel
霸道人生	novel
霸王怒	novel
白金作品	novel
百战穿金甲	novel
被爱包围	novel
北唐	novel
比蒙传奇	novel
边荒传说	novel
变脸武士	novel
冰火魔厨	novel
不爱就说你强奸	novel
步步生莲	novel
不灭狂神	novel
不死不灭	novel
不死鬼道	novel
补完计划全纪录	novel
残清	novel
苍老的少年	novel
苍天白鹤	novel
草侠	novel
长生界	novel
超级电脑	novel
超级交警	novel
超级教师	novel
超级进化	novel
超级恐怖	novel
超级猎人	novel
超级书童	novel
超级玩家	novel
超级物品	novel
超级艳遇传说	novel
超级状师	novel
超恐怖	novel
超能美体师	novel
朝宋	novel
超现实武斗学园	novel
超越轮回	novel
陈阿娇新传	novel
陈二狗的妖孽人生	novel
沉浮之主	novel
炽天之翼	novel
重启	novel
重生	novel
重生传说	novel
重生武仙	novel
重生在未来	novel
重生之官路商途	novel
重生之梦	novel
重生之天下异能	novel
重生之我是熊猫	novel
虫血沸腾	novel
楚氏春秋	novel
穿越	novel
穿越之百代过客	novel
穿越之绝色赌妃	novel
春秋人生	novel
从零开始	novel
璀璨星辰	novel
寸芒	novel
大汉骠骑	novel
大灭道	novel
大明星爱上我	novel
大内高手	novel
大千世界曲	novel
大宋金手指	novel
大宋时代周刊	novel
大宋县官	novel
大唐儒将	novel
大预言	novel
大猿王	novel
大争之世	novel
戴小楼	novel
丹劫	novel
荡世劫	novel
道血诛神	novel
导演万岁	novel
第二界	novel
帝国福将	novel
帝后	novel
低品少爷极品仙	novel
地下王朝	novel
第一次亲密接触	novel
地狱黑客	novel
颠覆死神	novel
掉到钱眼里的英雄无敌	novel
刁民	novel
谍变	novel
东方地狱火	novel
斗罗大陆	novel
斗破苍穹	novel
独步千军	novel
都市法师	novel
都市花盗	novel
都市神人	novel
都市侠客行	novel
恶搞补完	novel
鹅考	novel
恶明	novel
恶魔岛	novel
恶魔狂想曲之明日骄阳	novel
法师传奇	novel
反恐美女	novel
凡人修仙传	novel
飞来横福	novel
废人传奇	novel
风尘劫	novel
风流永徽	novel
风流遇	novel
风野七咒	novel
佛本是道	novel
佛心邪神	novel
复活之战斗在第三帝国	novel
弗兰泰尔战记	novel
福艳记	novel
高太尉新传	novel
蛊惑之巫女	novel
冠军教父	novel
官商	novel
官仙	novel
光辉道路	novel
光绪中华	novel
光之子	novel
鬼吹灯	novel
鬼点天灯	novel
鬼股	novel
鬼剑小子	novel
国产零零发	novel
寒蝉变	novel
瀚海风云录	novel
汉之娇女	novel
和空姐同居的日子	novel
和老师同居的学生	novel
和我试婚的邻家姐姐	novel
和校花同居的大盗	novel
黑白纵横	novel
黑道学生	novel
黑客传说	novel
黑色神幻	novel
黑山老妖	novel
黑瞳魔弓	novel
很纯很暧昧	novel
横刀立马	novel
横眉	novel
横星霸道	novel
红颜江湖	novel
鸿羽	novel
胡两刀	novel
胡师傅	novel
花岛	novel
花好月圆	novel
坏蛋是怎么练成的	novel
幻神	novel
还真道	novel
荒岛漂流记	novel
黄沙百战穿金甲	novel
回到明朝当王爷	novel
回到现代	novel
回到原始部落当村长	novel
回归之放逐之地	novel
混沌劫	novel
混也是一种生活	novel
活色生香	novel
火影之宁次传说	novel
极道特工之大学风云	novel
极道修行录	novel
极度修真	novel
极品处男	novel
极品公子	novel
极品家丁	novel
极品无赖	novel
极品战神	novel
机神传奇	novel
极限杀戮	novel
机械	novel
家园	novel
鉴鬼实录骄阳	novel
剑皇	novel
剑魔	novel
剑影问情	novel
江山美色	novel
江山如此多娇	novel
娇妻养成日记	novel
劫神	novel
禁果	novel
禁区王	novel
禁区之门	novel
近身保镖	novel
金属世界	novel
金屋恨	novel
精灵	novel
九鼎记	novel
九脉修神	novel
酒神	novel
九死九生	novel
酒徒	novel
绝刀	novel
军刀	novel
卡徒	novel
开国公贼	novel
科幻灵异	novel
空速星痕	novel
空想王	novel
骷髅	novel
狂神	novel
困龙升天	novel
垃圾骑士	novel
蓝晶	novel
老婆爱上我	novel
老婆是太妹	novel
老婆养成计划	novel
亮剑大泱	novel
猎国	novel
猎宋	novel
猎图腾	novel
猎艳之龙戏九凤	novel
林克	novel
灵鸠飞龙	novel
灵丝密码	novel
刘建良	novel
流浪的蛤蟆	novel
流离之死灵法师	novel
流氓天仙	novel
流失	novel
龙骑士	novel
龙潜都市	novel
龙穴	novel
龙域	novel
蛮荒记	novel
猫空爱情故事	novel
冒牌大英雄	novel
貌似纯洁	novel
猫抓天下	novel
美女江山一锅煮	novel
梦回天地	novel
猛龙过江	novel
米兰	novel
迷失在康熙末年	novel
民国投机者	novel
明朝僵尸在现代	novel
明末之逆流战神	novel
明日骄阳	novel
命运的黑夜	novel
魔盗	novel
魔帝重生	novel
魔法变	novel
魔法世纪	novel
魔法学徒	novel
魔魂	novel
末世纪的罗曼史	novel
末世狩猎者	novel
魔兽世界之逆天风云	novel
魔兽争霸之我成了阿尔塞斯	novel
魔王归来	novel
魔武士	novel
魔仙道	novel
魔运苍茫	novel
谋杀现场	novel
目不邪视	novel
母皇	novel
慕容雪痕	novel
纳妾记	novel
那撕裂的文明	novel
男房女客	novel
男人幻想	novel
逆龙道	novel
泥人	novel
逆天邪传	novel
娘子救我	novel
弄潮	novel
女儿国记	novel
女神保护人	novel
女生频道	novel
女特工爱上我	novel
女校男魔师	novel
女主播爱上我	novel
泡妞三十六计	novel
披着羊皮的恶狼	novel
痞子蔡	novel
飘邈之旅	novel
品行不良	novel
平凡的尊者	novel
破灭时空	novel
妻不如妾	novel
奇才公子	novel
起点	novel
奇幻天书	novel
七界传说	novel
麒麟降世	novel
岂是池中物	novel
千极变	novel
千年血族	novel
蔷薇与狗尾巴草	novel
窃明	novel
琴帝	novel
禽兽系列之玫瑰公爵	novel
倾城错	novel
清宫	novel
请叫我威廉三世	novel
清明上河图	novel
庆余年	novel
求败记	novel
热门作品	novel
人不牛枉少年	novel
人途	novel
日曜转生	novel
三宫六院七十二妃	novel
三江阁	novel
三眼艳情咒	novel
杀手必读手册	novel
杀手传说	novel
善良的死神	novel
少帮主的现代生活	novel
少妇白洁	novel
神火王	novel
神魔	novel
神墓	novel
神游	novel
神者叛逆	novel
升龙道	novel
声色犬马之风情大宋	novel
盛唐怜花	novel
生肖守护神	novel
尸谛	novel
十二楼的房奴与车奴	novel
是狐狸精	novel
始皇天下	novel
十景缎	novel
石榴网游录	novel
十龙夺嫡	novel
尸虐	novel
食人法师	novel
十三	novel
史上第一混乱	novel
史上第一妖	novel
师士传说	novel
仕途风流	novel
狩魔手记	novel
兽血沸腾	novel
兽族世界的佣兵	novel
数据侠客行	novel
淑女如云	novel
蜀山	novel
蜀山剑侠传	novel
数字进化	novel
数字生命	novel
谁是谁的宝贝	novel
顺昌逆亡	novel
饲神	novel
死亡谜语	novel
斯文禽兽	novel
宋时归	novel
宋行	novel
搜神记	novel
随波逐流之一代军师	novel
隋末逐鹿记	novel
随欲飞凡	novel
踏仙升魔	novel
太古鸿蒙	novel
唐朝好男人	novel
唐家三少	novel
淘汰	novel
藤井树	novel
天祸	novel
天机勿语	novel
天庐风云	novel
天命神话	novel
天鹏纵横	novel
天擎	novel
天生九号半	novel
天生我材必有用	novel
天使的哭泣	novel
天王	novel
天问	novel
天下无雷	novel
天下无双	novel
天心怒	novel
天元	novel
跳舞	novel
贴身保镖	novel
童声传媒	novel
外星科技之网络重生	novel
宛妃传	novel
菀宫春	novel
纨绔子弟	novel
万年古尸	novel
玩物人生	novel
万字旗下的第三帝国	novel
亡灵之歌	novel
网游之边缘颓废	novel
网游之鬼雄	novel
网游之混迹在美女工作室	novel
网游之近战法师	novel
网游之名著乱舞	novel
网游之模拟城市	novel
网游之死亡阴影	novel
网游之天地	novel
网游之完美世界	novel
网游之玩转宇宙	novel
网游中混口饭吃	novel
未来神话	novel
惟我独仙	novel
文明	novel
我的爱钉死在十字架	novel
我的大小魔女	novel
我的韩国流氓老婆	novel
我的老婆	novel
我的老婆是买的	novel
我的老婆是妖	novel
我的美女老总	novel
我和狼王	novel
我怀念的	novel
我就是流氓	novel
我是大法师	novel
我要成仙	novel
无极魔道	novel
无赖群芳谱	novel
无赖王	novel
无良皇帝	novel
武神	novel
巫颂	novel
武侠仙侠	novel
无限恐怖	novel
无限恐怖进化	novel
喜剧之王	novel
嬉皮笑脸	novel
西游记	novel
仙本小人	novel
现代艳帝传奇	novel
仙道厚黑录	novel
仙葫	novel
仙剑神曲	novel
仙警	novel
仙山渡英侠	novel
仙侠	novel
仙之雇佣军	novel
限制级特工	novel
香艳生活	novel
笑傲封神	novel
小兵传奇	novel
小亨传说	novel
啸剑天河	novel
小色孩猎艳传奇	novel
小小公务员	novel
逍行纪	novel
校园爱情录	novel
校园雾都	novel
亵渎	novel
邪风曲	novel
邪龙道	novel
邪菩萨	novel
邪气凛然	novel
邪神传说	novel
新火影忍者	novel
新历	novel
心灵黑客	novel
新明史	novel
新生在玛珐大陆	novel
星辰变	novel
星际农民	novel
星云修真志	novel
星之海洋	novel
星之机甲	novel
修针	novel
修真的同居学姐	novel
徐公子胜治	novel
虚拟战士	novel
玄幻奇幻	novel
玄女经	novel
玄武门	novel
玄雨	novel
轩辕人生	novel
轩辕艳史	novel
血宝狂歌	novel
血红	novel
血镰	novel
血脉贲张	novel
血色梦游	novel
寻找人类	novel
艳鬼	novel
赝品	novel
艳说韩非	novel
艳遇	novel
艳遇传说	novel
烟雨江南	novel
阳神	novel
妖魔封印	novel
妖气凌云	novel
妖僧	novel
夜叉明王传	novel
叶孤城	novel
夜玫瑰	novel
夜兽	novel
叶无道	novel
野性之心	novel
业余淫侠	novel
以暴制暴	novel
一杯热奶茶的等待	novel
一代军师	novel
医道高手	novel
一个太监闯内宫	novel
医冠禽兽	novel
衣冠禽兽	novel
移魂别恋	novel
异界	novel
异界大亨	novel
异界法神	novel
异界矿工	novel
异界兽医	novel
异界侠客行	novel
异界逍遥公	novel
异界之女	novel
依旧黄花落	novel
医圣	novel
一世龙门	novel
异世之风流大法师	novel
异世之古武圣皇	novel
异世之人生	novel
异仙	novel
一夜夫妻	novel
异域求生日记	novel
银河勇者	novel
银杀手	novel
隐身侠	novel
阴阳冕	novel
阴影帝国	novel
英雄无敌	novel
佣兵天下	novel
永生不死	novel
有个约会	novel
诱惑	novel
游历中的挣扎	novel
游戏竞技	novel
游戏军火商	novel
游游	novel
欲成仙	novel
浴火焚神	novel
御女心经	novel
羽杀	novel
欲望塔	novel
欲望中的城市	novel
御医	novel
缘比昙花	novel
岳不群	novel
月姬	novel
云天空	novel
葬地玄经	novel
造神传说	novel
贼胆	novel
战国狐	novel
战神	novel
仗剑诀	novel
张三丰	novel
张三丰异界游	novel
照日天劫	novel
正前方	novel
指间的黑客	novel
指南录	novel
之我成了唐僧	novel
之异世	novel
至尊龙神	novel
至尊无赖	novel
中国饭	novel
中华无敌前传	novel
众神传说	novel
众神故事	novel
种玉	novel
朱门风流	novel
朱雀记	novel
诛仙	novel
转世为狐	novel
紫川	novel
纵意花丛	novel
走骗异界	novel
罪恶	novel
最后的地球战神	novel
