人民广播电台	radio
新闻广播	radio
音乐广播	radio
交通广播	radio
文艺广播	radio
经济广播	radio
都市广播	radio
财经广播	radio
中央台中国之声	radio
中央台中华之声	radio
中央台华夏双语	radio
中央台民族之声	radio
东广新闻台	radio
广东电台新闻台	radio
山东广播新闻频道	radio
潍坊新闻频率	radio
广西新闻综合广播	radio
南宁新闻综合广播	radio
广州新闻资讯广播	radio
广州花都广播电台	radio
东莞新闻综合频道	radio
深圳新闻频率先锋898	radio
潮州新闻综合广播	radio
韶关电台北江之声	radio
中山电台综合频率	radio
江门新闻综合台	radio
常州新闻台	radio
江苏新闻综合广播	radio
扬州新闻台	radio
常熟新闻综合台	radio
无锡新闻广播频率	radio
江阴新闻综合频道	radio
浙江之声	radio
湖北卫星广播	radio
宜昌新闻综合广播	radio
荆州新闻台	radio
十堰新闻频率	radio
襄樊新闻频率	radio
淄博新闻频道	radio
寿光新闻故事频道	radio
泉州新闻频道	radio
岳阳金鹗之声	radio
株洲新闻频道	radio
上饶新闻综合频率	radio
苏州新闻综合广播	radio
淮安新闻综合广播	radio
宜兴新闻综合频率	radio
邳州电台	radio
宿迁电台	radio
金华新闻综合广播	radio
象山广播电台	radio
丽水新闻综合频率	radio
合肥新闻综合广播	radio
淮南新闻综合广播	radio
黄山广播电台	radio
宣城新闻综合广播	radio
南阳新闻频率	radio
濮阳新闻综合广播	radio
丹东新闻频率	radio
铁岭新闻台	radio
哈尔滨新闻台	radio
吉林新闻综合广播	radio
延边卫星广播	radio
广安新闻综合频率	radio
宜宾新闻综合广播	radio
乐山新闻综合广播	radio
南充电台	radio
安康汉水之声	radio
兰州新闻综合广播	radio
德宏孔雀之声	radio
新疆综合广播	radio
巴州新闻频率	radio
铜仁广播电台	radio
山西新闻综合广播	radio
晋城新闻综合广播	radio
泽州广播电台	radio
内蒙古蒙语广播	radio
内蒙古汉语新闻综合广播	radio
包头新闻综合频率	radio
赤峰汉语综合广播	radio
赤峰蒙语综合广播	radio
南京新闻调频FM96.6	radio
青海新闻综合广播	radio
汕头新闻资讯之声	radio
甘肃新闻综合广播	radio
南京曲艺调频	radio
淳安千岛湖之声	radio
朝阳新闻台	radio
FM96.3伊犁新闻综合广播	radio
滁州新闻综合广播	radio
唐山新闻综合广播	radio
天涯之声	radio
玉林新闻综合广播动听	radio
桂林电台真爱	radio
贺州新闻综合广播	radio
普洱新闻广播茶城之声	radio
南京新闻综合广播	radio
FM97.0南通电台新闻广播	radio
临沂新闻综合广播	radio
中央台香港之声	radio
铜川新闻综合广播	radio
吉林市新闻之声	radio
永州之声	radio
浙江新闻广播新锐988	radio
秦皇岛新闻综合广播	radio
张家口新闻综合广播	radio
吴江电台新闻综合广播	radio
和谐969	radio
盐城广播新闻综合频率	radio
中国国际广播电台南海之声	radio
襄阳之声	radio
太原新闻综合广播	radio
温州之声	radio
潇湘之声	radio
梅州电台新闻台	radio
营口新闻之声	radio
云浮电台新闻综合广播	radio
银川新闻综合广播	radio
龙岩广播电台新闻综合频率	radio
陕西电视台调频广播	radio
龙广新闻台	radio
黄冈新闻综合广播	radio
亳州新闻综合广播	radio
昆山新闻交通频率	radio
新昌广播电台天姥之声	radio
江油人民广播电台阳光调频	radio
张掖新闻综合广播	radio
凉山广播电视台新闻综合频率	radio
庆阳新闻综合广播	radio
龙岩电台新闻综合广播	radio
铜陵新闻综合广播	radio
六安新闻综合广播	radio
中央台音乐之声	radio
北京怀旧金曲广播	radio
上海动感101	radio
上海经典947	radio
山东广播音乐频道	radio
河南电台Myradio	radio
MUSIC88.7济南音乐广播	radio
潍坊交通音乐频率	radio
广州金曲广播	radio
广东音乐之声	radio
深圳音乐频率飞扬971	radio
珠海电台交通875	radio
江门旅游音乐台	radio
常州音乐台	radio
常熟交通音乐台	radio
浙江音乐调频	radio
十堰交通音乐台	radio
荆州交通音乐台	radio
海峡之声都市阳光调频	radio
长沙星空调频	radio
岳阳云梦之声	radio
飞扬945	radio
新余动感953	radio
南昌交通音乐之声	radio
上饶交通音乐频率	radio
鹰潭交通音乐之声	radio
南京热力调频	radio
温州音乐之声	radio
中国国际广播电台劲曲调频	radio
保定飞扬调频	radio
安阳音乐调频	radio
南阳交通音乐频率	radio
河南星河之声	radio
青岛音乐体育广播	radio
哈尔滨音乐台	radio
四川珉江音乐台	radio
广安交通音乐频率	radio
自贡盐都音乐台	radio
攀枝花音乐调频	radio
汉中音乐台	radio
云南音乐之声	radio
哈密电台甜蜜之声	radio
内蒙古音乐之声	radio
青海交通音乐台	radio
佛山电台	radio
福州音乐频道	radio
汕头交通音乐之声	radio
青岛之声华语流行欣赏	radio
青岛之声英文经典欣赏	radio
青岛之声	radio
湛江交通音乐之声	radio
中国国际广播电台都市流行频道	radio
中国国际广播电台怀旧金曲频道	radio
中国国际广播电台乡村民谣频道	radio
湖南音乐之声	radio
超级893	radio
泉州音乐之声	radio
包头城乡音乐频率	radio
乐田1069	radio
品味886	radio
芜湖音乐故事广播	radio
天津电台音乐中波广播	radio
怀集网络电台	radio
怀集音乐之声	radio
陕西青春广播	radio
广东电台DAB HIFI频道	radio
深圳电台动听102	radio
中央台中国民乐广播	radio
秦皇岛欢乐调频	radio
威海音乐时尚广播	radio
HiFM980盐城音乐之声	radio
甘肃青春调频广播	radio
北京metro radio动听调频	radio
经典调频北京	radio
北京好音乐959	radio
南宁电台	radio
经典1049广播	radio
动感895	radio
动感936广播电台	radio
赣州红色广播	radio
广西音乐台	radio
广西女主播电台	radio
珠海百岛之声活力915	radio
河北私家车广播	radio
吉林市江城音乐之声	radio
汽车音乐电台	radio
年代音乐台	radio
最爱音乐台	radio
摩登音乐台	radio
福州女主播电台	radio
动力893	radio
日照广播音乐频率	radio
动感988	radio
鹤壁私家车广播	radio
淮安电台调频	radio
营口音乐之声	radio
重庆巴渝之声	radio
都市生活广播	radio
广东郁南音乐台	radio
粤来粤爱电台	radio
潍坊音乐之声广播	radio
保定经典964汽车音乐电台	radio
保定FM88.4汽车广播	radio
鹰潭汽车音乐电台	radio
飞扬972	radio
925悦电台	radio
长沙幸福999电台	radio
FM952邯郸魅力广播	radio
龙广音乐台	radio
hitfm成都台	radio
成都广播电台经典946	radio
女主播电台	radio
长治好朋友90.3广播	radio
上海交通广播电台	radio
山东广播交通音乐之声	radio
东莞交通音乐频道	radio
深圳交通频率	radio
快乐1062	radio
常州交通台	radio
扬州交通台	radio
江阴交通音乐频道	radio
飞扬907	radio
浙江交通之声	radio
黄石磁湖之声·汽车广播	radio
黄冈交通音乐台	radio
襄樊交通音乐台	radio
淄博交通文艺频道	radio
泉州交通频道	radio
株洲交通频道	radio
娄底交通频道	radio
泰州交通音乐台	radio
黄山交通旅游广播	radio
焦作交通旅游广播	radio
丹东交通频率	radio
朝阳交通台	radio
哈尔滨交通台	radio
交通台	radio
巴州交通频率	radio
内蒙古交通之声	radio
羊城交通台	radio
铁岭交通台	radio
西安交通旅游广播	radio
贵阳交通之声	radio
汽车优悦广播	radio
通化交通文艺台	radio
云南交通之声	radio
菏泽交通文艺之声	radio
延边交通文艺台	radio
寿光交通音乐频道	radio
湖州交通经济频率	radio
昆明汽车广播	radio
长春交通之声	radio
梧州电台交通音乐之声	radio
飞扬1075	radio
合肥电台徽商广播	radio
延吉交通之声	radio
铜仁交通旅游广播	radio
陕西汽车调频	radio
南京私家车广播	radio
秦皇岛私家车广播	radio
吴江电台交通音乐广播	radio
动感891	radio
镇江动感私家车电台	radio
盐城广播城市交通频率	radio
广西私家车广播	radio
襄阳汽车广播	radio
太原私家车广播	radio
苏州汽车广播	radio
南昌电台快乐897	radio
湖北私家车广播	radio
鹤壁交通广播	radio
快乐935	radio
梅州电台交通台	radio
营口交通之声	radio
重庆南川107	radio
南通私家车广播	radio
广州汽车音乐电台	radio
青岛广播爱车940	radio
青岛私家车电台FM964	radio
湖南905高速广播	radio
四川私家车925电台	radio
许昌私家车广播	radio
龙广交通台	radio
阳泉声动调频	radio
梅州电台私家车广播	radio
洛阳私家车广播	radio
临沂财富932	radio
私家车广播	radio
滨州私家车广播	radio
黑龙江私家车广播	radio
邵阳广播交通频道	radio
交通广播	radio
中央台经济之声	radio
山东广播经济频道	radio
潍坊经济生活频率	radio
常州经济台	radio
扬州经济台	radio
常熟经济服务台	radio
徐州生活广播	radio
FM95浙江财富广播	radio
淄博经济频道	radio
淮安经济生活广播	radio
温州经济生活广播	radio
瑞安电台107	radio
哈尔滨经济台	radio
陕西财富广播	radio
甘肃黄河之声	radio
财经927	radio
青海经济频率	radio
汕头经济生活之声	radio
长春经济广播电台	radio
广东股市广播	radio
南昌财富之声广播	radio
唐山经济生活广播	radio
南京广播经济频率	radio
动感934	radio
德阳经济生活广播	radio
中央台神州之声	radio
中央台文艺之声	radio
山东广播娱乐调频	radio
北京文学影视广播	radio
浙江民生广播	radio
荆州文艺生活台	radio
襄樊文艺台	radio
郑州文娱广播	radio
南阳文艺	radio
哈尔滨文艺台	radio
包头交通文艺频率	radio
陕西秦腔广播	radio
克拉玛依维语广播	radio
湖州都市文艺频率	radio
舟山文艺教育广播	radio
日照文艺体育广播	radio
鄂尔多斯综艺广播	radio
温州文艺调频	radio
衡水文艺广播湖城之声	radio
中央台都市之声	radio
北京城市服务管理广播	radio
上海魅力103	radio
广东城市之声	radio
无锡都市生活广播	radio
浙江城市之声	radio
宜昌经济生活广播	radio
天津滨海广播	radio
福建都市生活广播	radio
泉州都市之声	radio
长沙城市之声	radio
淮安城市管理广播	radio
南京城市调频	radio
河南城市之声	radio
郑州女性时空广播	radio
黑龙江都市女性广播	radio
哈尔滨城市之声	radio
四川城市之音	radio
四川旅游生活广播	radio
昆明都市调频	radio
新疆城市广播	radio
哈密电台哈密之声	radio
甘肃都市调频广播	radio
吉林市都市110	radio
萍乡城市之声	radio
苏州城市之声	radio
十堰车城之声	radio
西藏都市生活广播	radio
新沂之声	radio
保定城市服务广播	radio
西宁都市生活广播	radio
普洱茶都调频	radio
南京城市管理广播	radio
城市广播	radio
临沂都市之声广播	radio
镇江广播城市	radio
905电台	radio
盐城广播黄海明珠频率	radio
大庆百湖之声	radio
邯郸城市服务广播	radio
通化城乡广播	radio
吉林市都市生活广播	radio
955电台	radio
日照广播都市频率	radio
899驾车调频	radio
昆明城市资讯广播	radio
洛阳城市广播	radio
东阳城市广播	radio
中央台华夏之声	radio
北京欢乐时光广播	radio
济宁娱乐广播	radio
泉州刺桐之声	radio
福建华艺广播	radio
宜兴交通音乐台	radio
嵊州交通娱乐台	radio
天津相声广播	radio
盘锦生活娱乐广播	radio
吉林健康娱乐广播	radio
成都文化休闲广播	radio
云南娱乐调频	radio
包头生活娱乐频率	radio
河南电台精品展播	radio
揭阳广播第二频道	radio
吉林市旅游893	radio
南昌城市娱乐调频	radio
中央台娱乐广播	radio
云南少儿广播	radio
唐山文化娱乐广播	radio
中央台相声小品广播	radio
浦东广播电台新娱乐频率	radio
九江赣北之声广播	radio
潇湘电影广播	radio
南阳宛城私家车广播	radio
