基金金泰	stock
基金泰和	stock
基金安信	stock
基金汉盛	stock
基金裕阳	stock
基金景阳	stock
基金兴华	stock
基金安顺	stock
基金金元	stock
基金金鑫	stock
基金安瑞	stock
基金汉兴	stock
基金裕元	stock
基金景业	stock
基金兴和	stock
基金普润	stock
基金金鼎	stock
基金汉鼎	stock
基金兴业	stock
基金科讯	stock
基金汉博	stock
基金通乾	stock
基金同德	stock
基金科瑞	stock
基金银丰	stock
国金鑫新	stock
财通精选	stock
能源互联	stock
长信优选	stock
精准医疗	stock
互联医疗	stock
互联医c	stock
生物科技	stock
生物科c	stock
中药基金	stock
中药c	stock
财通升级	stock
券商基金	stock
国泰融丰	stock
南方原油	stock
军工基金	stock
国企改	stock
香港中小	stock
银华鑫盛	stock
港中小企	stock
香港银行	stock
财通福享	stock
国泰融信	stock
财通福瑞	stock
红利基金	stock
环境治理	stock
环境c	stock
财通福盛	stock
创金睿选	stock
中证500a	stock
中证500c	stock
银华明择	stock
添富睿丰	stock
添富睿c	stock
沪深300a	stock
沪深300c	stock
财通福鑫	stock
全指证券	stock
证券c	stock
50ah	stock
圆信汇利	stock
十年国开	stock
美元债	stock
香港大盘	stock
恒生联接	stock
恒生中型	stock
港股高息	stock
港股高c	stock
银河高股	stock
500等权	stock
500等权a	stock
500等权b	stock
军工分级	stock
军工a	stock
军工b	stock
国企改革	stock
国企改a	stock
国企改b	stock
证券分级	stock
证券a	stock
证券b	stock
一带一路	stock
一带一a	stock
一带一b	stock
带路分级	stock
带路a	stock
带路b	stock
国金50	stock
国金50a	stock
国金50b	stock
钢铁分级	stock
钢铁a	stock
钢铁b	stock
新丝路	stock
新丝路a	stock
新丝路b	stock
高铁a	stock
高铁b	stock
互联金融	stock
网金a	stock
网金b	stock
上50分级	stock
上50a	stock
上50b	stock
50分级	stock
上证50a	stock
上证50b	stock
券商分级	stock
券商a	stock
券商b	stock
医疗分级	stock
医疗a	stock
医疗b	stock
嘉实元和	stock
治理etf	stock
超大etf	stock
价值etf	stock
50etf	stock
央企etf	stock
民企etf	stock
责任etf	stock
周期etf	stock
非周etf	stock
中盘etf	stock
消费etf	stock
小康etf	stock
商品etf	stock
180etf	stock
龙头etf	stock
综指etf	stock
中小etf	stock
金融etf	stock
新兴etf	stock
国企etf	stock
成长etf	stock
380etf	stock
300etf	stock
hs300etf	stock
华夏300	stock
广发300	stock
国寿300	stock
平安300	stock
资源etf	stock
180ewetf	stock
50等权	stock
500沪市	stock
180高etf	stock
500etf	stock
广发500	stock
诺安500	stock
国寿500	stock
zz500etf	stock
平安500	stock
能源行业	stock
材料行业	stock
消费行业	stock
金融行业	stock
医药行业	stock
万家50	stock
百强etf	stock
上50etf	stock
上证50	stock
上海国企	stock
红利etf	stock
h股etf	stock
国债etf	stock
企债etf	stock
城投etf	stock
周期债	stock
十年国债	stock
国债十年	stock
十年债	stock
货币etf	stock
货币基金	stock
华夏快线	stock
建信添益	stock
华泰天金	stock
安信货币	stock
交易货币	stock
场内货币	stock
德邦货币	stock
金鹰增益	stock
易货币	stock
理财金h	stock
鹏华添利	stock
华泰货币	stock
财富宝e	stock
博时货币	stock
银华日利	stock
景顺货币	stock
富国货币	stock
融通货币	stock
广发货币	stock
中融日盈	stock
广发添利	stock
嘉实快线	stock
国寿货币	stock
现金添富	stock
华宝添益	stock
券商etf	stock
医药etf	stock
非银etf	stock
1000etf	stock
中证地产	stock
医药股基	stock
msci基金	stock
房地产	stock
景顺食品	stock
景顺tmt	stock
景顺医药	stock
500医药	stock
500工业	stock
500信息	stock
500原料	stock
有色金属	stock
中证500	stock
etf500	stock
富时a50	stock
中证军工	stock
中证证券	stock
环保etf	stock
主要消费	stock
医药卫生	stock
金融地产	stock
军工etf	stock
银行基金	stock
银行etf	stock
军工行业	stock
证券etf	stock
证券基金	stock
传媒etf	stock
mscia股	stock
德国30	stock
中概互联	stock
纳指etf	stock
标普500	stock
恒指etf	stock
恒生通	stock
黄金基金	stock
黄金etf	stock
云化cwb1	stock
武钢cwb1	stock
深高cwb1	stock
上汽cwb1	stock
赣粤cwb1	stock
石化cwb1	stock
上港cwb1	stock
青啤cwb1	stock
国电cwb1	stock
康美cwb1	stock
宝钢cwb1	stock
葛洲cwb1	stock
江铜cwb1	stock
长虹cwb1	stock
浦发银行	stock
邯郸钢铁	stock
齐鲁石化	stock
白云机场	stock
武钢股份	stock
东风汽车	stock
中国国贸	stock
首创股份	stock
上海机场	stock
包钢股份	stock
华能国际	stock
皖通高速	stock
华夏银行	stock
民生银行	stock
日照港	stock
上港集团	stock
宝钢股份	stock
中原高速	stock
上海电力	stock
山东钢铁	stock
浙能电力	stock
华能水电	stock
中远海能	stock
华电国际	stock
中国石化	stock
南方航空	stock
中信证券	stock
三一重工	stock
福建高速	stock
楚天高速	stock
招商银行	stock
歌华有线	stock
中直股份	stock
四川路桥	stock
保利地产	stock
中国联通	stock
宁波联合	stock
浙江广厦	stock
九鼎投资	stock
黄山旅游	stock
万东医疗	stock
中国医药	stock
象屿股份	stock
五矿发展	stock
古越龙山	stock
海信电器	stock
国投资本	stock
华润双鹤	stock
皖维高新	stock
南京高科	stock
宇通客车	stock
冠城大通	stock
葛洲坝	stock
银鸽投资	stock
浙江富润	stock
凤凰光学	stock
中船科技	stock
上海梅林	stock
新疆天业	stock
康欣新材	stock
宋都股份	stock
澄星股份	stock
人福医药	stock
金花股份	stock
东风科技	stock
海泰发展	stock
博信股份	stock
中葡股份	stock
同仁堂	stock
东方金钰	stock
退市长油	stock
中视传媒	stock
特变电工	stock
同济堂	stock
易见股份	stock
大名城	stock
哈高科	stock
云天化	stock
开创国际	stock
广州发展	stock
林海股份	stock
同方股份	stock
明星电力	stock
莱钢股份	stock
青山纸业	stock
上汽集团	stock
永鼎股份	stock
重庆路桥	stock
美尔雅	stock
亚盛集团	stock
国金证券	stock
诺德股份	stock
北方稀土	stock
天成控股	stock
浙江东日	stock
东睦股份	stock
东方航空	stock
三峡水利	stock
西宁特钢	stock
中国卫星	stock
长江投资	stock
浙江东方	stock
郑州煤电	stock
宏图高科	stock
兰花科创	stock
铁龙物流	stock
杭钢股份	stock
金健米业	stock
弘业股份	stock
太极集团	stock
波导股份	stock
岷江水电	stock
重庆啤酒	stock
东湖高新	stock
乐凯胶片	stock
当代明诚	stock
浪莎股份	stock
中青旅	stock
西部资源	stock
兴发集团	stock
金发科技	stock
商赢环球	stock
长春一东	stock
航天机电	stock
维科精华	stock
建发股份	stock
宝硕股份	stock
华升股份	stock
永泰能源	stock
中体产业	stock
大龙地产	stock
巨化股份	stock
天坛生物	stock
香江控股	stock
中闽能源	stock
新日恒力	stock
福田汽车	stock
联美控股	stock
武汉控股	stock
太原重工	stock
上海建工	stock
上海贝岭	stock
黄河旋风	stock
卧龙地产	stock
美都能源	stock
中国巨石	stock
雅戈尔	stock
东安动力	stock
安通控股	stock
瑞茂通	stock
s佳通	stock
生益科技	stock
光电股份	stock
格力地产	stock
莲花健康	stock
国中水务	stock
兖州煤业	stock
吉林森工	stock
锦州港	stock
华资实业	stock
长城电工	stock
中牧股份	stock
复星医药	stock
伊力特	stock
金种子酒	stock
江苏吴中	stock
生物股份	stock
福日电子	stock
s山东铝	stock
有研新材	stock
安彩高科	stock
新湖中宝	stock
紫江企业	stock
西藏药业	stock
江泉实业	stock
亚星客车	stock
长春经开	stock
浙江医药	stock
中再资环	stock
全柴动力	stock
南山铝业	stock
江苏阳光	stock
海航控股	stock
太龙药业	stock
鲁商置业	stock
天津松江	stock
瀚叶股份	stock
赤天化	stock
城市传媒	stock
沧州大化	stock
凌钢股份	stock
金鹰股份	stock
圆通速递	stock
民丰特纸	stock
桂冠电力	stock
铜峰电子	stock
云南城投	stock
华业资本	stock
时代万恒	stock
中昌数据	stock
青海华鼎	stock
万通地产	stock
延长化建	stock
两面针	stock
南纺股份	stock
冠农股份	stock
中恒集团	stock
天方药业	stock
梦舟股份	stock
广汇能源	stock
大湖股份	stock
首旅酒店	stock
广晟有色	stock
凯乐科技	stock
阳光照明	stock
北方股份	stock
路桥建设	stock
北京城建	stock
海正药业	stock
国电南自	stock
赣粤高速	stock
外运发展	stock
航天信息	stock
开开实业	stock
嘉化能源	stock
恒瑞医药	stock
亿利洁能	stock
东方创业	stock
重庆港九	stock
中央商场	stock
太化股份	stock
南钢股份	stock
钱江水利	stock
浦东建设	stock
羚锐制药	stock
江苏舜天	stock
大恒科技	stock
华仪电气	stock
西水股份	stock
远达环保	stock
三峡新材	stock
鄂尔多斯	stock
s兰铝	stock
广汇汽车	stock
安琪酵母	stock
安迪苏	stock
维维股份	stock
标准股份	stock
曙光股份	stock
恒顺醋业	stock
商业城	stock
酒钢宏兴	stock
华泰股份	stock
万华化学	stock
桂东电力	stock
荣华实业	stock
平高电气	stock
农发种业	stock
上海家化	stock
洪都航空	stock
营口港	stock
新力金融	stock
亚星化学	stock
振华重工	stock
天房发展	stock
瀚蓝环境	stock
华发股份	stock
西藏天路	stock
大东方	stock
兰太实业	stock
中新药业	stock
天通股份	stock
宏达股份	stock
白云山	stock
长春燃气	stock
国机汽车	stock
澳柯玛	stock
美克家居	stock
西藏珠峰	stock
中油工程	stock
华夏幸福	stock
航天动力	stock
长江通信	stock
恒力股份	stock
阳泉煤业	stock
富通昭和	stock
山东高速	stock
亚宝药业	stock
浙江龙盛	stock
旭光股份	stock
敦煌种业	stock
精伦电子	stock
恒丰纸业	stock
承德钒钛	stock
国旅联合	stock
新农开发	stock
华微电子	stock
华联综超	stock
江西铜业	stock
联创光电	stock
通葡股份	stock
宁波韵升	stock
红星发展	stock
五洲交通	stock
西南证券	stock
三房巷	stock
万向德农	stock
中航电子	stock
中文传媒	stock
华菱星马	stock
首开股份	stock
宁沪高速	stock
天科股份	stock
宝光股份	stock
健康元	stock
青海春天	stock
广东明珠	stock
金地集团	stock
山东金泰	stock
北巴传媒	stock
海越股份	stock
龙净环保	stock
江山股份	stock
五矿资本	stock
航发科技	stock
盛和资源	stock
粤泰股份	stock
盘江股份	stock
金山股份	stock
海澜之家	stock
抚顺特钢	stock
红豆股份	stock
大有能源	stock
动力源	stock
国电南瑞	stock
三友化工	stock
华胜天成	stock
小商品城	stock
湘电股份	stock
江淮汽车	stock
天润乳业	stock
现代制药	stock
昆药集团	stock
青松建化	stock
华鲁恒升	stock
中远海特	stock
三元股份	stock
冠豪高新	stock
北方导航	stock
片仔癀	stock
通威股份	stock
瑞贝卡	stock
国机通用	stock
金证股份	stock
华纺股份	stock
宁夏建材	stock
涪陵电力	stock
博通股份	stock
宝钛股份	stock
时代新材	stock
贵研铂业	stock
士兰微	stock
洪城水业	stock
九有股份	stock
空港股份	stock
蓝光发展	stock
好当家	stock
百利电气	stock
风神股份	stock
六国化工	stock
包头铝业	stock
华光股份	stock
湘邮科技	stock
杭萧钢构	stock
科力远	stock
千金药业	stock
凌云股份	stock
双良节能	stock
中国动力	stock
福能股份	stock
信威集团	stock
扬农化工	stock
亨通光电	stock
天药股份	stock
中金黄金	stock
鹏欣资源	stock
龙元建设	stock
凤竹纺织	stock
晋西车轴	stock
精工钢构	stock
驰宏锌锗	stock
烽火通信	stock
科达洁能	stock
中化国际	stock
航天晨光	stock
安徽水利	stock
华丽家族	stock
西昌电力	stock
香梨股份	stock
方大特钢	stock
上海能源	stock
天富能源	stock
黑牡丹	stock
国药股份	stock
腾达建设	stock
联环药业	stock
海航基础	stock
方大炭素	stock
置信电气	stock
康美药业	stock
贵州茅台	stock
文一科技	stock
华海药业	stock
中天科技	stock
贵航股份	stock
长园集团	stock
菲达环保	stock
江南高纤	stock
中铁工业	stock
山东药玻	stock
交大昂立	stock
豫光金铅	stock
宏达矿业	stock
栖霞建设	stock
天士力	stock
中国软件	stock
亿晶光电	stock
国发股份	stock
新赛股份	stock
莫高股份	stock
卓郎智能	stock
山煤国际	stock
山东黄金	stock
深高速	stock
厦门钨业	stock
保变电气	stock
时代出版	stock
凯盛科技	stock
太行水泥	stock
海航创新	stock
康缘药业	stock
大西洋	stock
老白干酒	stock
金自天正	stock
江西长运	stock
国睿科技	stock
法拉电子	stock
迪马股份	stock
济川药业	stock
山鹰纸业	stock
中珠医疗	stock
安阳钢铁	stock
恒生电子	stock
信雅达	stock
康恩贝	stock
惠泉啤酒	stock
皖江物流	stock
祥源文化	stock
精达股份	stock
京能电力	stock
天华院	stock
卧龙电气	stock
八一钢铁	stock
xd天地科	stock
海油工程	stock
长电科技	stock
海螺水泥	stock
金晶科技	stock
新华医疗	stock
用友网络	stock
广东榕泰	stock
泰豪科技	stock
龙溪股份	stock
大连圣亚	stock
益佰制药	stock
中孚实业	stock
新安股份	stock
光明乳业	stock
北大荒	stock
熊猫金控	stock
青岛啤酒	stock
方正科技	stock
云赛智联	stock
广汇物流	stock
市北高新	stock
汇通能源	stock
绿地控股	stock
上实医药	stock
金杯汽车	stock
中毅达	stock
大众交通	stock
老凤祥	stock
神奇制药	stock
鹏起科技	stock
丰华股份	stock
金枫酒业	stock
国新能源	stock
氯碱化工	stock
海立股份	stock
天宸股份	stock
华鑫股份	stock
光大嘉宝	stock
华谊集团	stock
复旦复华	stock
pt水仙	stock
申达股份	stock
上电股份	stock
新世界	stock
华建集团	stock
龙头股份	stock
百联股份	stock
华联商厦	stock
浙数文化	stock
大众公用	stock
三爱富	stock
东方明珠	stock
新黄浦	stock
浦东金桥	stock
号百控股	stock
万业企业	stock
申能股份	stock
爱建集团	stock
乐山电力	stock
中源协和	stock
同达创业	stock
外高桥	stock
城投控股	stock
锦江投资	stock
飞乐音响	stock
游久游戏	stock
申华控股	stock
豫园股份	stock
退市博元	stock
信达地产	stock
电子城	stock
福耀玻璃	stock
新南洋	stock
强生控股	stock
陆家嘴	stock
哈药股份	stock
天地源	stock
奥瑞德	stock
太极实业	stock
尖峰集团	stock
天目药业	stock
东阳光科	stock
川投能源	stock
中华企业	stock
交运股份	stock
航天通信	stock
四川金顶	stock
上海凤凰	stock
百川能源	stock
南京新百	stock
京投发展	stock
珠江实业	stock
中船防务	stock
金龙汽车	stock
刚泰控股	stock
上海石化	stock
上海三毛	stock
青岛海尔	stock
阳煤化工	stock
亚通股份	stock
东百集团	stock
大商股份	stock
绿庭投资	stock
欧亚集团	stock
湖南天雁	stock
均胜电子	stock
舍得酒业	stock
三安光电	stock
物产中大	stock
中航资本	stock
曲江文旅	stock
彩虹股份	stock
光明地产	stock
苏美达	stock
盛屯矿业	stock
南宁百货	stock
南京医药	stock
金瑞矿业	stock
文投控股	stock
凤凰股份	stock
天津港	stock
东软集团	stock
大连热电	stock
祁连山	stock
百花村	stock
金牛化工	stock
首商股份	stock
宁波富达	stock
华电能源	stock
鲁北化工	stock
佳都科技	stock
重庆百货	stock
中国高科	stock
湖南海利	stock
实达集团	stock
新华锦	stock
苏州高新	stock
中粮糖业	stock
兰州民百	stock
辽宁成大	stock
山西焦化	stock
华域汽车	stock
一汽富维	stock
华远地产	stock
华银电力	stock
闻泰科技	stock
江苏索普	stock
上实发展	stock
江中药业	stock
海航科技	stock
东方银星	stock
锦江股份	stock
厦门国贸	stock
浪潮软件	stock
长江传媒	stock
红阳能源	stock
洲际油气	stock
中航沈飞	stock
安徽合力	stock
通策医疗	stock
中国海防	stock
中航重机	stock
园城黄金	stock
宁波富邦	stock
祥龙电业	stock
综艺股份	stock
广誉远	stock
西藏城投	stock
汉商集团	stock
南京熊猫	stock
东方通信	stock
新潮能源	stock
水井坊	stock
通宝能源	stock
辅仁药业	stock
新钢股份	stock
鲁信创投	stock
鲁银投资	stock
新华百货	stock
东方锅炉	stock
中储股份	stock
鲁抗医药	stock
轻纺城	stock
京能置业	stock
云煤能源	stock
宜宾纸业	stock
保税科技	stock
国电电力	stock
钱江生化	stock
浙大网新	stock
宁波海运	stock
天津磁卡	stock
华新水泥	stock
福建水泥	stock
新奥股份	stock
鹏博士	stock
悦达投资	stock
马钢股份	stock
山西汾酒	stock
神马股份	stock
东方集团	stock
华北制药	stock
杭州解百	stock
厦工股份	stock
安信信托	stock
中路股份	stock
耀皮玻璃	stock
隧道股份	stock
津劝业	stock
上海物贸	stock
世茂股份	stock
益民集团	stock
新华传媒	stock
兰生股份	stock
茂业商业	stock
人民同泰	stock
香溢融通	stock
广电网络	stock
第一医药	stock
申通地铁	stock
上海机电	stock
界龙实业	stock
海通证券	stock
上海九百	stock
四川长虹	stock
新湖创业	stock
上柴股份	stock
中西药业	stock
上工申贝	stock
丹化科技	stock
宝信软件	stock
同济科技	stock
万里股份	stock
上海临港	stock
上药转换	stock
华东电脑	stock
海欣股份	stock
龙建股份	stock
春兰股份	stock
航天长峰	stock
中天能源	stock
宁波中百	stock
银座股份	stock
王府井	stock
京城股份	stock
北京城乡	stock
中航高科	stock
内蒙华电	stock
哈投股份	stock
百大集团	stock
星湖科技	stock
通化东宝	stock
梅雁吉祥	stock
智慧能源	stock
中炬高新	stock
梅花生物	stock
创业环保	stock
东方电气	stock
洛阳玻璃	stock
航天电子	stock
博瑞传播	stock
亚泰集团	stock
广泽股份	stock
博闻科技	stock
杉杉股份	stock
宏发股份	stock
国投电力	stock
伊利股份	stock
新疆众和	stock
南京化纤	stock
中房股份	stock
秋林集团	stock
大晟文化	stock
航发动力	stock
广日股份	stock
张江高科	stock
厦门空港	stock
国美通讯	stock
长江电力	stock
江苏租赁	stock
贵州燃气	stock
无锡银行	stock
华安证券	stock
重庆燃气	stock
江苏银行	stock
杭州银行	stock
湖南盐业	stock
爱柯迪	stock
广西广电	stock
重庆建工	stock
东方证券	stock
江苏有线	stock
渤海活塞	stock
株冶集团	stock
国投中鲁	stock
岳阳林纸	stock
福成股份	stock
博汇纸业	stock
内蒙一机	stock
郴电国际	stock
中材国际	stock
恒源煤电	stock
宝胜股份	stock
新五丰	stock
健民集团	stock
中国电影	stock
宜华生活	stock
广安爱众	stock
北矿科技	stock
汇鸿集团	stock
宁波热电	stock
惠而浦	stock
建设机械	stock
雷鸣科化	stock
科达股份	stock
航民股份	stock
赤峰黄金	stock
四创电子	stock
广汽长丰	stock
贵绳股份	stock
马应龙	stock
文山电力	stock
贵广网络	stock
开滦股份	stock
九州通	stock
招商证券	stock
唐山港	stock
大同煤业	stock
晋亿实业	stock
柳钢股份	stock
重庆钢铁	stock
大秦铁路	stock
金陵饭店	stock
连云港	stock
南京银行	stock
文峰股份	stock
宝泰隆	stock
隆基股份	stock
陕西黑猫	stock
节能风电	stock
宁波港	stock
山东出版	stock
华钰矿业	stock
春秋航空	stock
玉龙股份	stock
一拖股份	stock
赛轮金宇	stock
西部黄金	stock
国芳集团	stock
中国神华	stock
中南传媒	stock
太平洋	stock
恒立液压	stock
昊华能源	stock
中国一重	stock
四川成渝	stock
财通证券	stock
中国国航	stock
华鼎股份	stock
三江购物	stock
中国化学	stock
海南橡胶	stock
四方股份	stock
小康股份	stock
常熟银行	stock
博威合金	stock
工业富联	stock
深圳燃气	stock
新城控股	stock
重庆水务	stock
三角轮胎	stock
兴业银行	stock
西部矿业	stock
北京银行	stock
杭齿前进	stock
中国西电	stock
中国铁建	stock
龙江交通	stock
东兴证券	stock
江南水务	stock
上海环境	stock
海尔施	stock
东材科技	stock
国泰君安	stock
白银有色	stock
君正集团	stock
吉鑫科技	stock
林洋能源	stock
陕西煤业	stock
华电重工	stock
广州港	stock
上海银行	stock
环旭电子	stock
dr桐昆股	stock
广汽集团	stock
庞大集团	stock
农业银行	stock
中国北车	stock
骆驼股份	stock
江南嘉捷	stock
中国平安	stock
秦港股份	stock
交通银行	stock
广深铁路	stock
新华保险	stock
百隆东方	stock
三六零	stock
利群股份	stock
绿城水务	stock
陕鼓动力	stock
中原证券	stock
兴业证券	stock
怡球资源	stock
中国中铁	stock
工商银行	stock
通用股份	stock
东风股份	stock
吉林高速	stock
大智慧	stock
东吴证券	stock
九牧王	stock
三星医疗	stock
会稽山	stock
北辰实业	stock
上海电影	stock
鹿港文化	stock
中国铝业	stock
中国太保	stock
上海医药	stock
中信重工	stock
中国核建	stock
广电电气	stock
中国中冶	stock
嘉泽新能	stock
中国人寿	stock
长城汽车	stock
旗滨集团	stock
平煤股份	stock
中国建筑	stock
中国电建	stock
明泰铝业	stock
滨化股份	stock
华泰证券	stock
拓普集团	stock
潞安环能	stock
风范股份	stock
郑煤机	stock
际华集团	stock
上海电气	stock
中国中车	stock
力帆股份	stock
光大证券	stock
宁波建工	stock
星宇股份	stock
中国交建	stock
皖新传媒	stock
中海油服	stock
新华文轩	stock
光大银行	stock
美凯龙	stock
成都银行	stock
中国石油	stock
中国科传	stock
中远海发	stock
招商轮船	stock
正泰电器	stock
浙商证券	stock
大连港	stock
中国银河	stock
海天精工	stock
江河集团	stock
中国国旅	stock
亚星锚链	stock
中煤能源	stock
紫金矿业	stock
南方传媒	stock
方正证券	stock
京运通	stock
新集能源	stock
中远海控	stock
凤凰传媒	stock
吉视传媒	stock
永辉超市	stock
建设银行	stock
中国出版	stock
苏垦农发	stock
金钼股份	stock
中国汽研	stock
玲珑轮胎	stock
宝钢包装	stock
海南矿业	stock
中国核电	stock
中国银行	stock
中国重工	stock
南京证券	stock
大唐发电	stock
金隅集团	stock
丰林集团	stock
贵阳银行	stock
中信银行	stock
出版传媒	stock
人民网	stock
奥康国际	stock
宏昌电子	stock
龙宇燃油	stock
晶方科技	stock
联明股份	stock
花王股份	stock
喜临门	stock
北特科技	stock
万盛股份	stock
合锻智能	stock
创力集团	stock
亚普股份	stock
弘讯科技	stock
新宏泰	stock
中衡设计	stock
中设集团	stock
中科曙光	stock
爱普股份	stock
山东华鹏	stock
新通联	stock
威帝股份	stock
大豪科技	stock
石大胜华	stock
千禾味业	stock
赛福天	stock
xd天鹅股	stock
全筑股份	stock
安德利	stock
德新交运	stock
三维股份	stock
常熟汽饰	stock
如通股份	stock
凯众股份	stock
华立股份	stock
dr泛微网	stock
新坐标	stock
美思德	stock
华脉科技	stock
广州酒家	stock
福达合金	stock
科林电气	stock
台华新材	stock
德邦股份	stock
永吉股份	stock
倍加洁	stock
国检集团	stock
禾望电气	stock
音飞储存	stock
振华股份	stock
海汽集团	stock
乐惠国际	stock
和邦生物	stock
江化微	stock
圣达生物	stock
新疆火炬	stock
大丰实业	stock
剑桥科技	stock
天成自控	stock
先达股份	stock
宁波精达	stock
正裕工业	stock
宏盛股份	stock
新经典	stock
森特股份	stock
长白山	stock
川仪股份	stock
汇嘉时代	stock
横店影视	stock
恒银金融	stock
润达医疗	stock
东方材料	stock
康尼机电	stock
金能科技	stock
红蜻蜓	stock
万林股份	stock
共进股份	stock
翠微股份	stock
中材节能	stock
昭衍新药	stock
华贸物流	stock
春风动力	stock
上海沪工	stock
碳元科技	stock
天目湖	stock
海量数据	stock
康惠制药	stock
养元饮品	stock
拉夏贝尔	stock
腾龙股份	stock
上海亚虹	stock
汇顶科技	stock
科华控股	stock
荣晟环保	stock
xd福达股	stock
渤海轮渡	stock
莎普爱思	stock
兰石重装	stock
德创环保	stock
圣龙股份	stock
新泉股份	stock
金牌厨柜	stock
皇马科技	stock
建研院	stock
华正新材	stock
亚邦股份	stock
网达软件	stock
日播时尚	stock
保隆科技	stock
迎驾贡酒	stock
九华旅游	stock
上海洗霸	stock
快克股份	stock
江山欧派	stock
爱婴室	stock
日月股份	stock
济民制药	stock
恒通股份	stock
新凤鸣	stock
菲林格尔	stock
雪峰科技	stock
景旺电子	stock
奥翔药业	stock
格尔软件	stock
大参林	stock
诺邦股份	stock
浙江仙通	stock
电魂网络	stock
药明康德	stock
合盛硅业	stock
天龙股份	stock
松发股份	stock
海鸥股份	stock
银都股份	stock
大业股份	stock
赛腾股份	stock
日盈电子	stock
海天味业	stock
泰瑞机器	stock
杭叉集团	stock
井神股份	stock
华铁科技	stock
振德医疗	stock
鑫广绿环	stock
得邦照明	stock
旭升股份	stock
华懋科技	stock
应流股份	stock
维力医疗	stock
金海环境	stock
梦百合	stock
福鞍股份	stock
诚邦股份	stock
派思股份	stock
湘油泵	stock
迪贝电气	stock
梅轮电梯	stock
超讯通信	stock
吴江银行	stock
我乐家居	stock
依顿电子	stock
上海雅仕	stock
上海天洋	stock
百达精工	stock
明星电缆	stock
迪生力	stock
宏辉果蔬	stock
杰克股份	stock
浙江鼎力	stock
四方冷链	stock
安井食品	stock
文灿股份	stock
莱克电气	stock
华菱精工	stock
设计总院	stock
华达科技	stock
东珠景观	stock
百傲化学	stock
傲农生物	stock
水星家纺	stock
日出东方	stock
辰欣药业	stock
柳州医药	stock
今世缘	stock
东方时尚	stock
亚士创能	stock
易德龙	stock
顶点软件	stock
dr惠达卫	stock
广东骏亚	stock
基蛋生物	stock
元成股份	stock
亚振家居	stock
新天然气	stock
金辰股份	stock
邦宝益智	stock
吉翔股份	stock
信捷电气	stock
鼎信通讯	stock
集友股份	stock
吉比特	stock
九洲药业	stock
勘设股份	stock
风语筑	stock
振静股份	stock
科沃斯	stock
展鹏科技	stock
恒为科技	stock
翔港科技	stock
祥和实业	stock
韦尔股份	stock
金石资源	stock
南都物业	stock
振江股份	stock
思维列控	stock
欧普照明	stock
淳中科技	stock
绝味食品	stock
维格娜丝	stock
立霸股份	stock
司太立	stock
众源新材	stock
多伦科技	stock
掌阅科技	stock
嘉诚国际	stock
惠发股份	stock
美诺华	stock
贵人鸟	stock
海兴电力	stock
起步股份	stock
健盛集团	stock
中通国脉	stock
普莱柯	stock
珍宝岛	stock
伟明环保	stock
长久物流	stock
汇金通	stock
三星新材	stock
荣泰健康	stock
艾艾精工	stock
苏利股份	stock
金麒麟	stock
地素时尚	stock
高能环境	stock
口子窖	stock
东尼电子	stock
伯特利	stock
引力传媒	stock
广信股份	stock
永艺股份	stock
再升科技	stock
纵横通信	stock
博天环境	stock
珀莱雅	stock
东方电缆	stock
京华激光	stock
天创时尚	stock
禾丰牧业	stock
诺力股份	stock
索通发展	stock
茶花股份	stock
韩建河山	stock
君禾股份	stock
杭电股份	stock
中曼石油	stock
科森科技	stock
清源股份	stock
拉芳家化	stock
徕木股份	stock
南威软件	stock
镇海股份	stock
艾迪精密	stock
海利尔	stock
畅联股份	stock
朗博科技	stock
泰禾光电	stock
安图生物	stock
xd璞泰来	stock
苏州科达	stock
恒林股份	stock
三祥新材	stock
康隆达	stock
五洲新春	stock
天马科技	stock
灵康药业	stock
卫信康	stock
奇精机械	stock
火炬电子	stock
华体科技	stock
今创集团	stock
晶华新材	stock
晨丰科技	stock
龙马环卫	stock
石英股份	stock
皖天然气	stock
至纯科技	stock
安记食品	stock
航天工程	stock
纽威股份	stock
德宏股份	stock
盛洋科技	stock
健友股份	stock
家家悦	stock
中源家居	stock
香飘飘	stock
七一二	stock
塞力斯	stock
天域生态	stock
海利生物	stock
中广天择	stock
阿科力	stock
天安新材	stock
朗迪集团	stock
博迈科	stock
鸣志电器	stock
龙韵股份	stock
岱美股份	stock
仙鹤股份	stock
三棵树	stock
泰晶科技	stock
大元泵业	stock
秦安股份	stock
隆鑫通用	stock
中马传动	stock
常青股份	stock
沃格光电	stock
永安行	stock
来伊份	stock
乾景园林	stock
威龙股份	stock
新日股份	stock
宁波高发	stock
星光农机	stock
联泰环保	stock
康普顿	stock
华友钴业	stock
道森股份	stock
志邦股份	stock
瑞斯康达	stock
福斯特	stock
歌力思	stock
豪能股份	stock
诚意药业	stock
原尚股份	stock
顾家家居	stock
海峡环保	stock
曲美家居	stock
神力股份	stock
嘉澳环保	stock
百合花	stock
华扬联众	stock
坤彩科技	stock
柯利达	stock
洛凯股份	stock
欧派家居	stock
四通股份	stock
安正时尚	stock
正平股份	stock
好太太	stock
华荣股份	stock
东宏股份	stock
步长制药	stock
能科股份	stock
中公高科	stock
白云电器	stock
桃李面包	stock
飞科电器	stock
北部湾旅	stock
嘉友国际	stock
鼎胜新材	stock
太平鸟	stock
武进不锈	stock
永悦科技	stock
南卫股份	stock
数据港	stock
金域医学	stock
老百姓	stock
吉祥航空	stock
元祖股份	stock
城地股份	stock
新华网	stock
新澳股份	stock
春秋电子	stock
天永智能	stock
寿仙谷	stock
长城科技	stock
好莱客	stock
晨光文具	stock
莱绅通灵	stock
永创智能	stock
中持股份	stock
龙蟠科技	stock
牧高笛	stock
合诚股份	stock
佳力图	stock
苏博特	stock
合力科技	stock
金桥信息	stock
金徽酒	stock
世运电路	stock
金鸿顺	stock
铁流股份	stock
兴业股份	stock
亚翔集成	stock
睿能科技	stock
博敏电子	stock
丽岛新材	stock
三孚股份	stock
益丰药房	stock
大千生态	stock
哈森股份	stock
百利科技	stock
克来机电	stock
大理药业	stock
法兰泰克	stock
醋化股份	stock
银龙股份	stock
中农立华	stock
正川股份	stock
国泰集团	stock
深圳新星	stock
金诚信	stock
吉华集团	stock
恒润股份	stock
兆易创新	stock
康德莱	stock
中电电机	stock
艾华集团	stock
麦迪科技	stock
至正股份	stock
洛阳钼业	stock
中新科技	stock
继峰股份	stock
方盛制药	stock
读者传媒	stock
云赛b股	stock
市北b股	stock
大众b股	stock
神奇b股	stock
老凤祥b	stock
中毅达b	stock
鹏起b股	stock
氯碱b股	stock
华谊b股	stock
海立b股	stock
金桥b股	stock
外高b股	stock
国新b股	stock
锦投b股	stock
中路b股	stock
凤凰b股	stock
海欣b股	stock
耀皮b股	stock
绿庭b股	stock
上柴b股	stock
丹科b股	stock
三毛b股	stock
百联b股	stock
上工b股	stock
机电b股	stock
宝信b	stock
物贸b股	stock
临港b股	stock
锦旅b股	stock
pt水仙b	stock
陆家b股	stock
华新b股	stock
锦江b股	stock
阳晨b股	stock
鄂资b股	stock
华电b股	stock
海科b	stock
汇丽b	stock
大名城b	stock
东信b股	stock
黄山b股	stock
开开b股	stock
海控b股	stock
天雁b股	stock
振华b股	stock
伊泰b股	stock
东电b股	stock
新城b股	stock
大化b股	stock
锦港b股	stock
凯马b	stock
海创b股	stock
东贝b股	stock
凌云b股	stock
平安银行	stock
万科a	stock
pt金田a	stock
国农科技	stock
世纪星源	stock
深振业a	stock
全新好	stock
神州高铁	stock
中国宝安	stock
美丽生态	stock
深物业a	stock
南玻a	stock
沙河股份	stock
pt中浩a	stock
深康佳a	stock
深中华a	stock
神州长城	stock
深深宝a	stock
深华发a	stock
深科技	stock
深赤湾a	stock
深天地a	stock
招商地产	stock
特力a	stock
飞亚达a	stock
深圳能源	stock
国药一致	stock
深深房a	stock
富奥股份	stock
中粮地产	stock
深桑达a	stock
新都退	stock
神州数码	stock
中国天楹	stock
华联控股	stock
深南电a	stock
深大通	stock
中集集团	stock
东旭蓝天	stock
中洲控股	stock
中航地产	stock
深纺织a	stock
泛海控股	stock
康达尔	stock
德赛电池	stock
深天马a	stock
方大集团	stock
皇庭国际	stock
深赛格	stock
华锦股份	stock
中金岭南	stock
农产品	stock
深圳华强	stock
中兴通讯	stock
北方国际	stock
中国长城	stock
华控赛格	stock
华侨城a	stock
特发信息	stock
海王生物	stock
盐田港	stock
深圳机场	stock
天健集团	stock
广聚能源	stock
中信海直	stock
tcl集团	stock
宜华健康	stock
中成股份	stock
丰原药业	stock
川化股份	stock
华数传媒	stock
中联重科	stock
常山北明	stock
国际实业	stock
申万宏源	stock
东方市场	stock
美的集团	stock
潍柴动力	stock
许继电气	stock
冀东水泥	stock
金融街	stock
华意压缩	stock
石油大明	stock
胜利股份	stock
藏格控股	stock
山东地矿	stock
沈阳机床	stock
英特集团	stock
东旭光电	stock
渤海金控	stock
民生控股	stock
合肥百货	stock
小天鹅a	stock
通程控股	stock
吉林化纤	stock
南京公用	stock
东阿阿胶	stock
徐工机械	stock
兴业矿业	stock
华天酒店	stock
粤高速a	stock
张家界	stock
晨鸣纸业	stock
山东路桥	stock
鄂武商a	stock
绿景控股	stock
海虹控股	stock
南华生物	stock
京粮控股	stock
中润资源	stock
珠海港	stock
琼民源a	stock
华塑控股	stock
金路集团	stock
丽珠集团	stock
渝开发	stock
攀渝钛业	stock
国际医学	stock
荣安地产	stock
四环生物	stock
中兵红箭	stock
长航凤凰	stock
美菱电器	stock
白云山a	stock
广州浪奇	stock
岭南控股	stock
红太阳	stock
美的电器	stock
柳工	stock
广弘控股	stock
大冷股份	stock
穗恒运a	stock
华金资本	stock
万家乐	stock
万泽股份	stock
华映科技	stock
广宇发展	stock
云南白药	stock
粤电力a	stock
中天金融	stock
佛山照明	stock
tcl通讯	stock
皖能电力	stock
中原环保	stock
金浦钛业	stock
金圆股份	stock
航天发展	stock
湖南投资	stock
s湘火炬	stock
江铃汽车	stock
创元科技	stock
靖远煤电	stock
沙隆达a	stock
泰山石油	stock
神州信息	stock
pt南洋	stock
西部创业	stock
莱茵体育	stock
万向钱潮	stock
我爱我家	stock
烽火电子	stock
宏源证券	stock
陕国投a	stock
供销大集	stock
渝三峡a	stock
海南海药	stock
海德股份	stock
泸州老窖	stock
长城股份	stock
苏常柴a	stock
新大洲a	stock
海马汽车	stock
粤宏远a	stock
广东甘化	stock
盐湖集团	stock
威孚高科	stock
北部湾港	stock
哈工智能	stock
汇源通信	stock
金洲慈航	stock
pt粤金曼	stock
黔轮胎a	stock
启迪古汉	stock
太阳能	stock
平潭发展	stock
大通燃气	stock
国恒退	stock
古井贡酒	stock
东北制药	stock
兴蓉环境	stock
青岛双星	stock
建投能源	stock
韶能股份	stock
金马集团	stock
盛达矿业	stock
渤海股份	stock
神州易桥	stock
华媒控股	stock
阳光股份	stock
中迪投资	stock
西安旅游	stock
天首发展	stock
焦作万方	stock
大东海a	stock
京汉股份	stock
海航投资	stock
中油资本	stock
吉林化工	stock
海螺型材	stock
新华联	stock
恒立实业	stock
吉林敖东	stock
长安汽车	stock
远大控股	stock
天茂集团	stock
高新发展	stock
铜陵有色	stock
顺发恒业	stock
三木集团	stock
合金投资	stock
英力特	stock
风华高科	stock
茂化实华	stock
万方发展	stock
西王食品	stock
仁和药业	stock
格力电器	stock
泰达股份	stock
金科股份	stock
中钨高新	stock
珠海中富	stock
长春高新	stock
天夏智慧	stock
永安林业	stock
湖北广电	stock
经纬纺机	stock
美好置业	stock
荣丰控股	stock
金鸿控股	stock
盈方微	stock
阳光城	stock
上峰水泥	stock
当代东方	stock
智度股份	stock
恒天海龙	stock
襄阳轴承	stock
大连友谊	stock
山推股份	stock
视觉中国	stock
东方电子	stock
远兴能源	stock
中山公用	stock
东北证券	stock
华讯方舟	stock
建新矿业	stock
宝新能源	stock
亚太实业	stock
惠天热电	stock
滨海能源	stock
炼石有色	stock
沈阳化工	stock
模塑科技	stock
厦门信达	stock
正虹科技	stock
恒逸石化	stock
浙江震元	stock
大冶特钢	stock
河钢股份	stock
贝瑞基因	stock
京蓝科技	stock
锦龙股份	stock
丰乐种业	stock
中兴商业	stock
黑芝麻	stock
韶钢松山	stock
苏宁环球	stock
中原传媒	stock
西安饮食	stock
湖南发展	stock
美锦能源	stock
京东方a	stock
鲁泰a	stock
华东科技	stock
国元证券	stock
燕京啤酒	stock
四川美丰	stock
泰禾集团	stock
振华科技	stock
罗牛山	stock
中交地产	stock
航发控制	stock
普洛药业	stock
长城信息	stock
国海证券	stock
锌业股份	stock
西藏发展	stock
漳州发展	stock
新华制药	stock
浩物股份	stock
中色股份	stock
中百集团	stock
斯太尔	stock
本钢板材	stock
西藏矿业	stock
锦州石化	stock
通化金马	stock
漳泽电力	stock
中航飞机	stock
广发证券	stock
中核科技	stock
新兴铸管	stock
三毛派神	stock
平庄能源	stock
美达股份	stock
长江证券	stock
武汉中商	stock
北新建材	stock
北大医药	stock
万年青	stock
泰合健康	stock
甘肃电投	stock
盐湖股份	stock
华闻传媒	stock
英洛华	stock
凯撒旅游	stock
中国武夷	stock
中水渔业	stock
酒鬼酒	stock
一汽轿车	stock
四川九洲	stock
北京文化	stock
银河生物	stock
云铝股份	stock
创维数字	stock
冰轮环境	stock
陕西金叶	stock
德展健康	stock
美利云	stock
辽河油田	stock
航锦科技	stock
岳阳兴长	stock
神雾节能	stock
京山轻机	stock
山东海化	stock
超声电子	stock
太钢不锈	stock
启迪桑德	stock
东莞控股	stock
天音控股	stock
鲁西化工	stock
五矿稀土	stock
贵糖股份	stock
长城动漫	stock
鑫茂科技	stock
秦川机床	stock
财信发展	stock
中信国安	stock
承德露露	stock
华茂股份	stock
高鸿股份	stock
石化机械	stock
冀东装备	stock
五粮液	stock
国风塑业	stock
顺鑫农业	stock
海印股份	stock
银星能源	stock
三湘印象	stock
扬子石化	stock
安凯客车	stock
张裕a	stock
吉电股份	stock
新希望	stock
天山股份	stock
云南铜业	stock
潍柴重机	stock
中广核技	stock
华联股份	stock
湖北能源	stock
同力水泥	stock
海南高速	stock
中鼎股份	stock
峨眉山a	stock
茂业通信	stock
法尔胜	stock
欢瑞世纪	stock
双汇发展	stock
津滨发展	stock
鞍钢股份	stock
赣能股份	stock
现代投资	stock
航天科技	stock
新洋丰	stock
云内动力	stock
厦门港务	stock
浙商中拓	stock
景峰医药	stock
数源科技	stock
大亚圣象	stock
南宁糖业	stock
钱江摩托	stock
山大华特	stock
华北高速	stock
电广传媒	stock
嘉凯城	stock
金陵药业	stock
南方汇通	stock
海信科龙	stock
河北宣工	stock
众合科技	stock
福星股份	stock
一汽夏利	stock
中钢国际	stock
兰州黄河	stock
中粮生化	stock
中关村	stock
华菱钢铁	stock
神火股份	stock
四川双马	stock
华西股份	stock
冀中能源	stock
紫光股份	stock
凯迪生态	stock
南天信息	stock
新乡化纤	stock
中国重汽	stock
广济药业	stock
欣龙控股	stock
中原油气	stock
中通客车	stock
东方能源	stock
首钢股份	stock
锡业股份	stock
中南建设	stock
东方钽业	stock
华东医药	stock
天保基建	stock
长源电力	stock
盈峰环境	stock
蓝焰控股	stock
安泰科技	stock
中科三环	stock
高升控股	stock
佛塑科技	stock
银泰资源	stock
华铁股份	stock
浪潮信息	stock
桂林旅游	stock
中弘股份	stock
众泰汽车	stock
银亿股份	stock
西山煤电	stock
大庆华科	stock
越秀金控	stock
华工科技	stock
九芝堂	stock
诚志股份	stock
通海高科	stock
闽东电力	stock
中国中期	stock
新大陆	stock
隆平高科	stock
华润三九	stock
宗申动力	stock
豫能控股	stock
招商公路	stock
招商蛇口	stock
新和成	stock
鸿达兴业	stock
伟星股份	stock
华邦健康	stock
德豪润达	stock
精功科技	stock
华兰生物	stock
大族激光	stock
天奇股份	stock
传化智联	stock
盾安环境	stock
凯恩股份	stock
中航机电	stock
永新股份	stock
霞客环保	stock
世荣兆业	stock
东信和平	stock
亿帆医药	stock
京新药业	stock
中捷资源	stock
科华生物	stock
海特高新	stock
苏宁易购	stock
航天电器	stock
山东威达	stock
分众传媒	stock
思源电气	stock
七匹狼	stock
达安基因	stock
巨轮智能	stock
苏泊尔	stock
丽江旅游	stock
旺能环境	stock
华帝股份	stock
联创电子	stock
久联发展	stock
双鹭药业	stock
黔源电力	stock
南京港	stock
登海种业	stock
华孚时尚	stock
兔宝宝	stock
美年健康	stock
国光电器	stock
轴研科技	stock
宝鹰股份	stock
宁波华翔	stock
紫光国微	stock
三花智控	stock
中工国际	stock
同洲电子	stock
云南能投	stock
德美化工	stock
得润电子	stock
横店东磁	stock
中钢天源	stock
威尔泰	stock
云南旅游	stock
粤水电	stock
浙江交科	stock
宏润建设	stock
远光软件	stock
华峰氨纶	stock
东华软件	stock
瑞泰科技	stock
景兴纸业	stock
黑猫股份	stock
獐子岛	stock
长城影视	stock
凯瑞德	stock
软控股份	stock
国轩高科	stock
沙钢股份	stock
雪莱特	stock
大港股份	stock
太阳纸业	stock
苏州固锝	stock
中材科技	stock
金螳螂	stock
万邦德	stock
孚日股份	stock
海鸥住工	stock
万丰奥威	stock
东方海洋	stock
新野纺织	stock
鲁阳节能	stock
新海宜	stock
金智科技	stock
江苏国泰	stock
中泰化学	stock
国脉科技	stock
青岛金王	stock
生意宝	stock
南岭民爆	stock
山河智能	stock
浔兴股份	stock
海翔药业	stock
天康生物	stock
广东鸿图	stock
冠福股份	stock
广博股份	stock
恒宝股份	stock
信隆健康	stock
莱宝高科	stock
沃华医药	stock
沧州明珠	stock
兴化股份	stock
三钢闽光	stock
威海广泰	stock
三变科技	stock
天润数娱	stock
罗平锌电	stock
三维通信	stock
中国海诚	stock
东港股份	stock
紫鑫药业	stock
康强电子	stock
韵达股份	stock
科陆电子	stock
梦网集团	stock
天邦股份	stock
湘潭电化	stock
银轮股份	stock
南极电商	stock
露天煤业	stock
中环股份	stock
沃尔核材	stock
利欧股份	stock
恒星科技	stock
广宇集团	stock
天津普林	stock
东南网架	stock
安纳达	stock
麦达数字	stock
顺络电子	stock
拓邦股份	stock
东华科技	stock
贤丰控股	stock
宁波银行	stock
印纪传媒	stock
宏达高科	stock
中核钛白	stock
荣盛发展	stock
新光圆成	stock
北纬科技	stock
西部材料	stock
通润装备	stock
北斗星通	stock
广电运通	stock
石基信息	stock
报喜鸟	stock
湖南黄金	stock
通富微电	stock
正邦科技	stock
汉钟精机	stock
三特索道	stock
常铝股份	stock
远望谷	stock
悦心健康	stock
中航三鑫	stock
宁波东力	stock
红宝丽	stock
莱茵生物	stock
东方锆业	stock
深圳惠程	stock
智光电气	stock
芭田股份	stock
楚江新材	stock
澳洋科技	stock
创新医疗	stock
游族网络	stock
东方网络	stock
江特电机	stock
御银股份	stock
延华智能	stock
中航光电	stock
纳思达	stock
粤传媒	stock
云海金属	stock
怡亚通	stock
海得控制	stock
华天科技	stock
全聚德	stock
广百股份	stock
利达光电	stock
成飞集成	stock
劲嘉股份	stock
融捷股份	stock
如意集团	stock
二三四五	stock
方正电机	stock
证通电子	stock
嘉应制药	stock
东晶电子	stock
云投生态	stock
九鼎新材	stock
金风科技	stock
海亮股份	stock
大连重工	stock
国统股份	stock
海利得	stock
合肥城建	stock
达意隆	stock
飞马国际	stock
宏达新材	stock
南洋股份	stock
特尔佳	stock
大立科技	stock
诺普信	stock
三全食品	stock
合力泰	stock
拓日新能	stock
恒康医疗	stock
天宝食品	stock
东华能源	stock
福晶科技	stock
鱼跃医疗	stock
三力士	stock
濮耐股份	stock
江南化工	stock
奥特迅	stock
合兴包装	stock
鸿博股份	stock
科大讯飞	stock
奥维通信	stock
启明信息	stock
塔牌集团	stock
民和股份	stock
安妮股份	stock
大华股份	stock
恒邦股份	stock
天威视讯	stock
奥特佳	stock
威华股份	stock
歌尔股份	stock
九阳股份	stock
通产丽星	stock
滨江集团	stock
澳洋顺昌	stock
北化股份	stock
帝龙文化	stock
华东数控	stock
大洋电机	stock
联化科技	stock
步步高	stock
上海莱士	stock
川大智胜	stock
泰和新材	stock
海陆重工	stock
兆新股份	stock
立立电子	stock
利尔化学	stock
升达林业	stock
拓维信息	stock
恩华药业	stock
新华都	stock
西仪股份	stock
浙富控股	stock
陕天然气	stock
卫士通	stock
美邦服饰	stock
华明装备	stock
东方雨虹	stock
川润股份	stock
水晶光电	stock
华昌化工	stock
桂林三金	stock
万马股份	stock
友阿股份	stock
神开股份	stock
久其软件	stock
联络互动	stock
光迅科技	stock
博深工具	stock
天润曲轴	stock
亚太股份	stock
世联行	stock
保龄宝	stock
奇正藏药	stock
超华科技	stock
宇顺电子	stock
中科新材	stock
星期六	stock
奥飞娱乐	stock
罗莱生活	stock
信立泰	stock
精艺股份	stock
辉煌科技	stock
博云新材	stock
中电鑫龙	stock
圣农发展	stock
太阳电缆	stock
齐心集团	stock
西部建设	stock
美盈森	stock
洋河股份	stock
南国置业	stock
北新路桥	stock
威创股份	stock
中利集团	stock
东方园林	stock
海大集团	stock
三泰控股	stock
日海通讯	stock
南山控股	stock
焦点科技	stock
键桥通讯	stock
众生药业	stock
久立特材	stock
乐通股份	stock
海峡股份	stock
华英农业	stock
理工环科	stock
雅百特	stock
普利特	stock
洪涛股份	stock
永太科技	stock
富安娜	stock
新朋股份	stock
皇氏集团	stock
得利斯	stock
皖通科技	stock
仙琚制药	stock
罗普斯金	stock
英威腾	stock
科华恒盛	stock
人人乐	stock
赛象科技	stock
奥普光电	stock
积成电子	stock
格林美	stock
新纶科技	stock
巨力索具	stock
慈文传媒	stock
海宁皮城	stock
潮宏基	stock
柘中股份	stock
泰尔股份	stock
高乐股份	stock
精华制药	stock
北京科锐	stock
漫步者	stock
顺丰控股	stock
杰瑞股份	stock
天神娱乐	stock
兴民智通	stock
赫美集团	stock
富临运业	stock
森源电气	stock
北讯集团	stock
同德化工	stock
神剑股份	stock
汉王科技	stock
隆基机械	stock
中恒电气	stock
永安药业	stock
台海核电	stock
康力电梯	stock
太极股份	stock
卓翼科技	stock
亚太药业	stock
北方华创	stock
伟星新材	stock
千方科技	stock
丽鹏股份	stock
亚厦股份	stock
新北洋	stock
国创高新	stock
章源钨业	stock
宏创控股	stock
科远股份	stock
双箭股份	stock
蓝帆医疗	stock
合众思壮	stock
东山精密	stock
大北农	stock
天原集团	stock
黑牛食品	stock
新亚制程	stock
南洋科技	stock
信邦制药	stock
长青股份	stock
北京利尔	stock
力生制药	stock
联发股份	stock
双象股份	stock
星网锐捷	stock
梦洁股份	stock
建研集团	stock
海普瑞	stock
省广集团	stock
中远海科	stock
和而泰	stock
爱仕达	stock
嘉欣丝绸	stock
四维图新	stock
远东传动	stock
多氟多	stock
齐翔腾达	stock
雅克科技	stock
广联达	stock
必康股份	stock
汉森制药	stock
雷科防务	stock
高德红外	stock
海康威视	stock
爱施德	stock
深南股份	stock
康盛股份	stock
天虹股份	stock
毅昌股份	stock
达实智能	stock
科伦药业	stock
中原特钢	stock
贵州百灵	stock
凯撒文化	stock
胜利精密	stock
云南锗业	stock
兆驰股份	stock
杭氧股份	stock
棕榈股份	stock
九安医疗	stock
太安堂	stock
万里扬	stock
长江润发	stock
兴森科技	stock
誉衡药业	stock
江苏神通	stock
启明星辰	stock
闰土股份	stock
众业达	stock
龙星化工	stock
金洲管道	stock
巨星科技	stock
中南文化	stock
盛路通信	stock
晨鑫科技	stock
中原内配	stock
国星光电	stock
康得新	stock
摩恩电气	stock
长高集团	stock
天马精化	stock
松芝股份	stock
百川股份	stock
欧菲科技	stock
青龙管业	stock
益生股份	stock
天业通联	stock
赣锋锂业	stock
珠江啤酒	stock
嘉事堂	stock
沪电股份	stock
众应互联	stock
海格通信	stock
天齐锂业	stock
二六三	stock
申通快递	stock
三维工程	stock
金正大	stock
中超控股	stock
双环传动	stock
榕基软件	stock
立讯精密	stock
宝莫股份	stock
雏鹰农牧	stock
常宝股份	stock
富春环保	stock
新筑股份	stock
双塔食品	stock
广田集团	stock
润邦股份	stock
江海股份	stock
希努尔	stock
嘉麟杰	stock
大金重工	stock
金固股份	stock
浙江永强	stock
山东墨龙	stock
通鼎互联	stock
恒基达鑫	stock
荣盛石化	stock
华斯股份	stock
佳隆股份	stock
辉丰股份	stock
雅化集团	stock
汉缆股份	stock
科林环保	stock
山西证券	stock
利源精制	stock
骅威文化	stock
搜于特	stock
弘高创意	stock
大康农业	stock
协鑫集成	stock
涪陵榨菜	stock
老板电器	stock
天广中茂	stock
天汽模	stock
中顺洁柔	stock
达华智能	stock
蓝丰生化	stock
宝馨科技	stock
金字火腿	stock
旷达科技	stock
恺英网络	stock
科士达	stock
银河电子	stock
日发精机	stock
齐峰新材	stock
浙江众成	stock
天桥起重	stock
光正集团	stock
胜景山河	stock
山东矿机	stock
新时达	stock
英飞拓	stock
海源机械	stock
金财互联	stock
天顺风能	stock
新界泵业	stock
金杯电工	stock
杭锅股份	stock
林州重机	stock
西泵股份	stock
海联金汇	stock
司尔特	stock
云图控股	stock
亚太科技	stock
鸿路钢构	stock
中化岩土	stock
万和电气	stock
杰赛科技	stock
东方铁塔	stock
新联电子	stock
春兴精工	stock
金新农	stock
凯美特气	stock
千红制药	stock
尚荣医疗	stock
南方轴承	stock
惠博普	stock
三七互娱	stock
辉隆股份	stock
洽洽食品	stock
巨人网络	stock
亚威股份	stock
通达股份	stock
徐家汇	stock
兄弟科技	stock
森马服饰	stock
天沃科技	stock
顺灏股份	stock
益盛药业	stock
唐人神	stock
百润股份	stock
步森股份	stock
德力股份	stock
索菲亚	stock
清新环境	stock
明牌珠宝	stock
群兴玩具	stock
通达动力	stock
雷柏科技	stock
闽发铝业	stock
中京电子	stock
圣阳股份	stock
未名医药	stock
好想你	stock
海能达	stock
西陇科学	stock
双星新材	stock
围海股份	stock
奥拓电子	stock
史丹利	stock
瑞康医药	stock
万安科技	stock
恒大高新	stock
八菱科技	stock
日上集团	stock
比亚迪	stock
豪迈科技	stock
海南瑞泽	stock
金禾实业	stock
山东章鼓	stock
盛通股份	stock
领益智造	stock
龙蟒佰利	stock
世纪华通	stock
以岭药业	stock
姚记扑克	stock
大连电瓷	stock
亚夏汽车	stock
江苏国信	stock
捷顺科技	stock
爱康科技	stock
东方精工	stock
朗姿股份	stock
北玻股份	stock
奥佳华	stock
哈尔斯	stock
长青集团	stock
露笑科技	stock
丹邦科技	stock
艾格拉斯	stock
瑞和股份	stock
三垒股份	stock
融钰集团	stock
亚玛顿	stock
完美世界	stock
光启技术	stock
金达威	stock
宜昌交运	stock
成都路桥	stock
仁智股份	stock
华西能源	stock
德尔未来	stock
道明光学	stock
申科股份	stock
棒杰股份	stock
安洁科技	stock
金安国纪	stock
赞宇科技	stock
勤上股份	stock
雪人股份	stock
跨境通	stock
永高股份	stock
荣之联	stock
万润股份	stock
佛慈制药	stock
华宏科技	stock
青青稞酒	stock
民盛金科	stock
卫星石化	stock
博彦科技	stock
加加食品	stock
利君股份	stock
扬子新材	stock
海思科	stock
万润科技	stock
共达电声	stock
摩登大道	stock
中科金财	stock
雪迪龙	stock
凯文教育	stock
茂硕电源	stock
克明面业	stock
京威股份	stock
普邦股份	stock
长鹰信质	stock
首航节能	stock
德联集团	stock
鞍重股份	stock
奥马电器	stock
康达新材	stock
国盛金控	stock
龙泉股份	stock
东江环保	stock
西部证券	stock
兴业科技	stock
东诚药业	stock
顺威股份	stock
浙江美大	stock
珠江钢琴	stock
福建金森	stock
长生生物	stock
奋达科技	stock
龙洲股份	stock
宏大爆破	stock
猛狮科技	stock
华东重机	stock
亿利达	stock
乔治白	stock
金河生物	stock
远大智能	stock
美亚光电	stock
冀凯股份	stock
睿康股份	stock
双成药业	stock
顾地科技	stock
煌上煌	stock
百洋股份	stock
红旗连锁	stock
博实股份	stock
美盛文化	stock
新疆浩源	stock
奥瑞金	stock
海欣食品	stock
浙江世宝	stock
新宝股份	stock
良信电器	stock
众信旅游	stock
光洋股份	stock
天赐材料	stock
慈铭体检	stock
欧浦智网	stock
思美传媒	stock
东易日盛	stock
牧原股份	stock
登云股份	stock
金贵银业	stock
岭南股份	stock
友邦吊顶	stock
麦趣尔	stock
宏良股份	stock
金一文化	stock
金轮股份	stock
金莱特	stock
海洋王	stock
跃岭股份	stock
龙大肉食	stock
一心堂	stock
特一药业	stock
好利来	stock
电光科技	stock
萃华珠宝	stock
燕塘乳业	stock
雄韬股份	stock
利民股份	stock
王子新材	stock
国信证券	stock
葵花药业	stock
中矿资源	stock
万达电影	stock
爱迪尔	stock
光华科技	stock
三圣股份	stock
富煌钢构	stock
木林森	stock
仙坛股份	stock
埃斯顿	stock
世龙实业	stock
国光股份	stock
龙津药业	stock
易尚展示	stock
昇兴股份	stock
永东股份	stock
东方新星	stock
永兴特钢	stock
南兴装备	stock
华通医药	stock
天际股份	stock
凤形股份	stock
多喜爱	stock
金发拉比	stock
汇洁股份	stock
蓝黛传动	stock
索菱股份	stock
先锋电子	stock
国恩股份	stock
普路通	stock
科迪乳业	stock
真视通	stock
众兴菌业	stock
康弘药业	stock
快意电梯	stock
文科园林	stock
柏堡龙	stock
久远银海	stock
高科石化	stock
中坚科技	stock
三夫户外	stock
奇信股份	stock
可立克	stock
凯龙股份	stock
万里石	stock
银宝山新	stock
华源控股	stock
鹭燕医药	stock
建艺集团	stock
瑞尔特	stock
坚朗五金	stock
通宇通讯	stock
东音股份	stock
永和智控	stock
世嘉科技	stock
第一创业	stock
帝欧家居	stock
环球印务	stock
天顺股份	stock
微光股份	stock
洪汇新材	stock
吉宏股份	stock
丰元股份	stock
华锋股份	stock
江阴银行	stock
苏州恒久	stock
红墙股份	stock
山东赫达	stock
亚泰国际	stock
创新股份	stock
路畅科技	stock
崇达技术	stock
和科达	stock
黄山胶囊	stock
富森美	stock
东方中科	stock
桂发祥	stock
凯莱英	stock
中装建设	stock
凯中精密	stock
和胜股份	stock
纳尔股份	stock
易明医药	stock
高争民爆	stock
贝肯能源	stock
星网宇达	stock
名雕股份	stock
裕同科技	stock
比音勒芬	stock
弘亚数控	stock
同为股份	stock
新宏泽	stock
英维克	stock
道恩股份	stock
张家港行	stock
华统股份	stock
视源股份	stock
翔鹭钨业	stock
泰嘉股份	stock
同兴达	stock
英联股份	stock
盐津铺子	stock
高斯贝尔	stock
威星智能	stock
科达利	stock
麦格米特	stock
道道全	stock
皮阿诺	stock
捷荣技术	stock
美芝股份	stock
三晖电气	stock
力盛赛车	stock
洁美科技	stock
星帅尔	stock
瀛通通讯	stock
实丰文化	stock
今飞凯达	stock
盘龙药业	stock
钧达股份	stock
传艺科技	stock
周大生	stock
绿康生化	stock
金溢科技	stock
香山股份	stock
伟隆股份	stock
天圣制药	stock
新天药业	stock
安奈儿	stock
三利谱	stock
智能自控	stock
元隆雅图	stock
长缆科技	stock
卫光生物	stock
美格智能	stock
金龙羽	stock
中设股份	stock
凌霄泵业	stock
京泉华	stock
沃特股份	stock
绿茵生态	stock
惠威科技	stock
东方嘉盛	stock
弘宇股份	stock
中宠股份	stock
科力尔	stock
华通热力	stock
川恒股份	stock
中大力德	stock
意华股份	stock
赛隆药业	stock
英派斯	stock
哈三联	stock
大博医疗	stock
铭普光磁	stock
宇环数控	stock
金逸影视	stock
华阳集团	stock
华森制药	stock
德生科技	stock
集泰股份	stock
庄园牧场	stock
佛燃股份	stock
中新赛克	stock
奥士康	stock
中欣氟材	stock
深南电路	stock
金奥博	stock
蒙娜丽莎	stock
名臣健康	stock
德赛西威	stock
联诚精密	stock
伊戈尔	stock
润都股份	stock
盈趣科技	stock
华西证券	stock
泰永长征	stock
华夏航空	stock
润建通信	stock
宏川智慧	stock
锋龙股份	stock
国安gac1	stock
阿胶ejc1	stock
攀钢agp1	stock
钾肥jfp1	stock
盐湖yhp1	stock
集琦jqp1	stock
深发sfp1	stock
瑞福进取	stock
大成优选	stock
建信优势	stock
同庆a	stock
同庆b	stock
瑞和小康	stock
瑞和远见	stock
估值优先	stock
估值进取	stock
中证100a	stock
中证100b	stock
合润a	stock
合润b	stock
银华稳进	stock
银华锐进	stock
汇利a	stock
汇利b	stock
深成指a	stock
深成指b	stock
景丰a	stock
景丰b	stock
添利b	stock
中证500b	stock
中证90a	stock
中证90b	stock
多利优先	stock
多利进取	stock
聚利a	stock
聚利b	stock
建信稳健	stock
建信进取	stock
万家利b	stock
鼎利a	stock
鼎利b	stock
天盈b	stock
利鑫b	stock
裕祥b	stock
增利a	stock
增利b	stock
丰利b	stock
消费a	stock
消费b	stock
消费收益	stock
消费进取	stock
沪深300b	stock
泰达500a	stock
泰达500b	stock
500a	stock
500b	stock
中小300a	stock
中小300b	stock
资源a级	stock
资源b级	stock
丰泽b	stock
浦银增a	stock
浦银增b	stock
同瑞a	stock
同瑞b	stock
互利a	stock
互利b	stock
双翼b	stock
双力a	stock
双力b	stock
盛世a	stock
盛世b	stock
诺安稳健	stock
诺安进取	stock
浙商稳健	stock
浙商进取	stock
回报b	stock
通利债b	stock
双佳b	stock
双盈b	stock
信达利b	stock
深证100a	stock
深证100b	stock
中小板a	stock
中小板b	stock
信用b	stock
金鹰500a	stock
金鹰500b	stock
成长a	stock
成长b	stock
诺德300a	stock
诺德300b	stock
泰信400a	stock
泰信400b	stock
商品a	stock
商品b	stock
同庆800a	stock
同庆800b	stock
资源a	stock
资源b	stock
利众b	stock
hs300a	stock
hs300b	stock
中小a	stock
中小b	stock
同辉100a	stock
同辉100b	stock
华商500a	stock
华商500b	stock
深100a	stock
深100b	stock
惠裕b	stock
同丰b	stock
房地产a	stock
房地产b	stock
鼎利进取	stock
银河优先	stock
银河进取	stock
建信50a	stock
建信50b	stock
双增b	stock
工银增b	stock
丰利债b	stock
医药a	stock
医药b	stock
元盛b	stock
德信a	stock
德信b	stock
国富100a	stock
国富100b	stock
宝利b	stock
中证800a	stock
中证800b	stock
国金300a	stock
国金300b	stock
互利债b	stock
转债a级	stock
转债b级	stock
高贝塔a	stock
高贝塔b	stock
同利b	stock
医药800a	stock
医药800b	stock
有色800a	stock
有色800b	stock
创业板a	stock
创业板b	stock
惠丰b	stock
中银互b	stock
金融a	stock
金融b	stock
通福b	stock
惠鑫b	stock
可转债a	stock
可转债b	stock
银华300a	stock
银华300b	stock
恒生a	stock
恒生b	stock
tmt中证a	stock
tmt中证b	stock
恒中企a	stock
恒中企b	stock
证保a	stock
证保b	stock
信息a	stock
信息b	stock
环保a	stock
环保b	stock
军工a级	stock
军工b级	stock
转债优先	stock
转债进取	stock
ncf环保a	stock
ncf环保b	stock
地产a	stock
地产b	stock
互联网a	stock
互联网b	stock
有色a	stock
有色b	stock
食品a	stock
食品b	stock
传媒a	stock
传媒b	stock
国防a	stock
国防b	stock
地产a端	stock
地产b端	stock
新能车a	stock
新能车b	stock
成长a级	stock
成长b级	stock
tmta	stock
tmtb	stock
新能源a	stock
新能源b	stock
健康a	stock
健康b	stock
中航军a	stock
中航军b	stock
证券a级	stock
证券b级	stock
证保a级	stock
证保b级	stock
银行a	stock
银行b	stock
酒a	stock
酒b	stock
电子a	stock
电子b	stock
传媒业a	stock
传媒业b	stock
券商a级	stock
券商b级	stock
环保a级	stock
环保b级	stock
银行a级	stock
银行b级	stock
创业a	stock
创业b	stock
互联a	stock
互联b	stock
传媒a级	stock
传媒b级	stock
银行a端	stock
银行b端	stock
煤炭a	stock
煤炭b	stock
银行业a	stock
银行业b	stock
生物a	stock
生物b	stock
重组a	stock
重组b	stock
1000a	stock
1000b	stock
一带a	stock
一带b	stock
银行a类	stock
银行b类	stock
白酒a	stock
白酒b	stock
生物药a	stock
生物药b	stock
新能a	stock
新能b	stock
金融地a	stock
金融地b	stock
sw医药a	stock
sw医药b	stock
煤炭a级	stock
煤炭b级	stock
银行a份	stock
银行b份	stock
高铁a级	stock
高铁b级	stock
改革a	stock
改革b	stock
互联a级	stock
互联b级	stock
银行股a	stock
银行股b	stock
证券股a	stock
证券股b	stock
创业股a	stock
创业股b	stock
养老a	stock
养老b	stock
体育a	stock
体育b	stock
信息安a	stock
信息安b	stock
智能a	stock
智能b	stock
工业4a	stock
工业4b	stock
e金融a	stock
e金融b	stock
煤炭a基	stock
煤炭b基	stock
环保a端	stock
环保b端	stock
高铁a端	stock
高铁b端	stock
新能a级	stock
新能b级	stock
保险a	stock
保险b	stock
网金融a	stock
网金融b	stock
军工股a	stock
军工股b	stock
证券a基	stock
证券b基	stock
保证金	stock
招商快线	stock
添富快钱	stock
深100etf	stock
中小板	stock
深成etf	stock
深红利	stock
深成长	stock
中小300	stock
深f200	stock
深tmt	stock
深f120	stock
民营etf	stock
深300etf	stock
深价值	stock
创业板	stock
深f60	stock
中小成长	stock
中创400	stock
恒生etf	stock
中小等权	stock
100etf	stock
300等权	stock
南方300	stock
a300etf	stock
能源etf	stock
500深etf	stock
金地etf	stock
景顺500	stock
可选消费	stock
博时黄金	stock
广发医药	stock
信息技术	stock
全指金融	stock
纳指100	stock
中创100	stock
深证etf	stock
全指材料	stock
全指能源	stock
全指消费	stock
创业板ef	stock
创业板50	stock
深成指ef	stock
中关村a	stock
创业etf	stock
工业etf	stock
创业板e	stock
创业板f	stock
创业板hx	stock
创业板et	stock
南方积配	stock
南方高增	stock
南方500	stock
南方50债	stock
南方香港	stock
南方金利	stock
南方永利	stock
南方聚利	stock
南方天元	stock
国企精明	stock
美国reit	stock
国泰小盘	stock
国泰估值	stock
国泰价值	stock
国泰商品	stock
国泰淘新	stock
创业板基	stock
新汽车	stock
华夏蓝筹	stock
华夏行业	stock
港股精选	stock
华夏磐泰	stock
华夏磐晟	stock
华安s300	stock
石油基金	stock
华安智增	stock
定增事件	stock
博时主题	stock
博时卓越	stock
稳健债a	stock
安丰18	stock
博时睿远	stock
博时睿利	stock
弘盈a	stock
博时睿益	stock
鹏华价值	stock
鹏华动力	stock
鹏华治理	stock
鹏华创新	stock
鹏华300	stock
鹏华500	stock
鹏华丰润	stock
鹏华丰泽	stock
鹏华丰和	stock
鹏华丰利	stock
医药基金	stock
鹏华增瑞	stock
空天一体	stock
互联网qd	stock
嘉实300	stock
嘉实50	stock
恒生h股	stock
嘉实黄金	stock
中期企债	stock
嘉实惠泽	stock
嘉实原油	stock
长盛同智	stock
长盛同庆	stock
长盛300	stock
长盛同辉	stock
长盛同丰	stock
长盛同益	stock
长盛同盛	stock
大成创新	stock
大成景丰	stock
优选lof	stock
大成小盘	stock
大成产业	stock
大成定增	stock
恒生中小	stock
恒指lof	stock
富国天惠	stock
富国天丰	stock
富国汇利	stock
富国天盈	stock
富国500	stock
富国天锋	stock
智能汽车	stock
医药增强	stock
娱乐增强	stock
高端制造	stock
成长量化	stock
易基岁丰	stock
易基黄金	stock
易基永旭	stock
易基综债	stock
香港小盘	stock
标普医药	stock
标普生物	stock
标普科技	stock
原油基金	stock
纳指lof	stock
国投新兴	stock
国投金融	stock
国投消费	stock
双债a	stock
国投资源	stock
国投产业	stock
国投瑞利	stock
国投丝路	stock
国投瑞盈	stock
白银基金	stock
深证100	stock
国投中国	stock
丰利a类	stock
国投瑞盛	stock
国投瑞泰	stock
银河通利	stock
融通巨潮	stock
融通领先	stock
融通添利	stock
融通通福	stock
融通农业	stock
人工智能	stock
招商成长	stock
招商信用	stock
招商金砖	stock
大宗商品	stock
招商双债	stock
招商丰泰	stock
招商增荣	stock
银华内需	stock
银华300	stock
银华信用	stock
银华通胀	stock
银华纯债	stock
银华50a	stock
银华永兴	stock
恒生中企	stock
银华鑫锐	stock
银华惠丰	stock
万家公用	stock
万家红利	stock
万家添利	stock
万家强债	stock
长城久富	stock
持久增利	stock
元盛债券	stock
泰达效率	stock
泰达聚利	stock
海富100	stock
海富增利	stock
华宝油气	stock
新机遇	stock
美国消费	stock
香港本地	stock
国安双力	stock
景顺鼎益	stock
景顺资源	stock
广发小盘	stock
广发500l	stock
广发聚利	stock
广发聚源	stock
再融资	stock
广发鑫瑞	stock
广发石油	stock
长信医疗	stock
长信利鑫	stock
长信利众	stock
申万量化	stock
申万中小	stock
申万债券	stock
申万健康	stock
诺安油气	stock
诺安纯债	stock
大摩资源	stock
兴全趋势	stock
兴全300	stock
兴全绿色	stock
兴全轻资	stock
兴全模式	stock
兴全合宜	stock
天治核心	stock
中银中国	stock
中银信用	stock
中银300e	stock
中银盛利	stock
中银产债	stock
中海惠裕	stock
华富强债	stock
天弘深成	stock
天弘添利	stock
天弘丰利	stock
天弘同利	stock
新华惠鑫	stock
农业精选	stock
国富恒利	stock
信用增利	stock
添富贵金	stock
添富季红	stock
添富纯债	stock
添富恒生	stock
工银四季	stock
工银纯债	stock
政府债基	stock
工银双债	stock
原油lof	stock
深成lof	stock
交银添利	stock
中国互联	stock
建信300	stock
建信信用	stock
建信丰裕	stock
信诚深度	stock
信诚增强	stock
信诚四国	stock
信诚机遇	stock
信诚商品	stock
信诚周期	stock
信诚双盈	stock
基建工程	stock
信诚定增	stock
诺德双翼	stock
东吴100	stock
东吴鼎利	stock
中欧趋势	stock
中欧成长	stock
中欧300	stock
中欧强债	stock
中欧动力	stock
中欧盛世	stock
中欧信用	stock
中欧纯债	stock
中欧瑞丰	stock
中欧恒利	stock
信达鑫安	stock
增利c	stock
沪港深f	stock
民生增利	stock
民生添利	stock
平安鼎泰	stock
平安鼎越	stock
平安鼎弘	stock
安信宝利	stock
华宸300	stock
国寿精选	stock
九泰锐智	stock
九泰锐富	stock
九泰锐益	stock
九泰锐丰	stock
九泰泰富	stock
九泰锐华	stock
九泰锐诚	stock
东海祥龙	stock
红土定增	stock
东证睿丰	stock
东证睿阳	stock
东证睿轩	stock
东证睿满	stock
东证睿华	stock
浙商鼎盈	stock
基金开元	stock
基金普惠	stock
基金同益	stock
基金景宏	stock
基金裕隆	stock
基金普丰	stock
基金景博	stock
基金裕华	stock
基金天元	stock
基金同盛	stock
基金鸿飞	stock
基金景福	stock
基金同智	stock
基金金盛	stock
基金裕泽	stock
基金天华	stock
基金兴科	stock
基金安久	stock
基金隆元	stock
基金普华	stock
基金科汇	stock
基金科翔	stock
基金兴安	stock
基金融鑫	stock
基金久富	stock
基金丰和	stock
基金久嘉	stock
基金鸿阳	stock
基金通宝	stock
鹏华前海	stock
万科b	stock
pt金田b	stock
深物业b	stock
南玻b	stock
pt中浩b	stock
深康佳b	stock
深中华b	stock
神州b	stock
深深宝b	stock
深华发b	stock
深赤湾b	stock
招商局b	stock
特力b	stock
飞亚达b	stock
一致b	stock
深深房b	stock
富奥b	stock
深南电b	stock
中集b	stock
深纺织b	stock
深基地b	stock
建车b	stock
方大b	stock
皇庭b	stock
深赛格b	stock
山航b	stock
东沣b	stock
舜喆b	stock
东旭b	stock
小天鹅b	stock
粤高速b	stock
晨鸣b	stock
京粮b	stock
闽灿坤b	stock
丽珠b	stock
皖美菱b	stock
大冷b	stock
粤电力b	stock
粤照明b	stock
江铃b	stock
沙隆达b	stock
苏常柴b	stock
苏威孚b	stock
古井贡b	stock
大东海b	stock
长安b	stock
瓦轴b	stock
京东方b	stock
鲁泰b	stock
本钢板b	stock
武锅b退	stock
杭汽轮b	stock
张裕b	stock
粤华包b	stock
中鲁b	stock
特锐德	stock
神州泰岳	stock
乐普医疗	stock
南风股份	stock
探路者	stock
莱美药业	stock
汉威科技	stock
天海防务	stock
安科生物	stock
立思辰	stock
鼎汉技术	stock
华测检测	stock
新宁物流	stock
亿纬锂能	stock
爱尔眼科	stock
北陆药业	stock
网宿科技	stock
中元股份	stock
硅宝科技	stock
银江股份	stock
大禹节水	stock
吉峰农机	stock
宝德股份	stock
机器人	stock
华星创业	stock
红日药业	stock
华谊兄弟	stock
金亚科技	stock
天龙光电	stock
阳普医疗	stock
宝通科技	stock
金龙机电	stock
同花顺	stock
钢研高纳	stock
中科电气	stock
超图软件	stock
新宙邦	stock
梅泰诺	stock
上海凯宝	stock
九洲电气	stock
回天新材	stock
朗科科技	stock
星辉娱乐	stock
赛为智能	stock
华力创通	stock
台基股份	stock
天源迪科	stock
合康新能	stock
福瑞股份	stock
世纪鼎利	stock
三五互联	stock
中青宝	stock
欧比特	stock
鼎龙股份	stock
万邦达	stock
三维丝	stock
万顺股份	stock
蓝色光标	stock
东方财富	stock
康旗股份	stock
中能电气	stock
天龙集团	stock
豫金刚石	stock
海兰信	stock
三川智慧	stock
安诺其	stock
南都电源	stock
金利华电	stock
碧水源	stock
华谊嘉信	stock
三聚环保	stock
当升科技	stock
华平股份	stock
数字政通	stock
gqy视讯	stock
国民技术	stock
思创医惠	stock
数码科技	stock
易成新能	stock
恒信东方	stock
奥克股份	stock
劲胜智能	stock
海默科技	stock
银之杰	stock
康芝药业	stock
荃银高科	stock
长信科技	stock
文化长城	stock
盛运环保	stock
金通灵	stock
科新机电	stock
金刚玻璃	stock
国联水产	stock
华伍股份	stock
易联众	stock
智云股份	stock
高新兴	stock
精准信息	stock
双林股份	stock
振芯科技	stock
乾照光电	stock
达刚路机	stock
乐视网	stock
龙源技术	stock
西部牧业	stock
建新股份	stock
吉药控股	stock
新开源	stock
华仁药业	stock
向日葵	stock
万讯自控	stock
顺网科技	stock
中航电测	stock
长盈精密	stock
坚瑞沃能	stock
嘉寓股份	stock
东方日升	stock
瑞普生物	stock
经纬电材	stock
阳谷华泰	stock
智飞生物	stock
亚光科技	stock
汇川技术	stock
易世达	stock
锐奇股份	stock
银河磁体	stock
锦富技术	stock
泰胜风能	stock
新国都	stock
英唐智控	stock
青松股份	stock
华策影视	stock
大富科技	stock
宝利国际	stock
信维通信	stock
先河环保	stock
晨光生物	stock
晓程科技	stock
中环装备	stock
和顺电气	stock
沃森生物	stock
星普医科	stock
宋城演艺	stock
中金环境	stock
汤臣倍健	stock
香雪制药	stock
天舟文化	stock
量子高科	stock
世纪瑞尔	stock
昌红科技	stock
科融环境	stock
科泰电源	stock
瑞凌股份	stock
安居宝	stock
神雾环保	stock
恒泰艾普	stock
振东制药	stock
新研股份	stock
秀强股份	stock
华中数控	stock
雷曼股份	stock
先锋新材	stock
通源石油	stock
天瑞仪器	stock
东方国信	stock
迪威迅	stock
万达信息	stock
天晟新材	stock
汉得信息	stock
东富龙	stock
中电环保	stock
智慧松德	stock
元力股份	stock
朗源股份	stock
鸿特科技	stock
中海达	stock
腾邦国际	stock
四方达	stock
华峰超纤	stock
佐力药业	stock
捷成股份	stock
东软载波	stock
力源信息	stock
通裕重工	stock
大华农	stock
永清环保	stock
美亚柏科	stock
神农基因	stock
维尔利	stock
潜能恒信	stock
科斯伍德	stock
佳士科技	stock
福安药业	stock
长荣股份	stock
长海股份	stock
铁汉生态	stock
纳川股份	stock
翰宇药业	stock
高盟新材	stock
海伦哲	stock
聚龙股份	stock
聚光科技	stock
舒泰神	stock
天喻信息	stock
理邦仪器	stock
欣旺达	stock
恒顺众昇	stock
天泽信息	stock
森远股份	stock
亿通科技	stock
易华录	stock
佳讯飞鸿	stock
日科化学	stock
电科院	stock
千山药机	stock
东方电热	stock
安利股份	stock
鸿利智汇	stock
金运激光	stock
银禧科技	stock
科大智能	stock
北京君正	stock
正海磁材	stock
金力泰	stock
上海钢联	stock
光韵达	stock
富瑞特装	stock
拓尔思	stock
永利股份	stock
银信科技	stock
洲明科技	stock
金城医药	stock
开尔新材	stock
方直科技	stock
上海新阳	stock
美晨生态	stock
冠昊生物	stock
东宝生物	stock
飞力达	stock
瑞丰光电	stock
明家联合	stock
瑞丰高材	stock
迪安诊断	stock
天玑科技	stock
宝莱特	stock
乐金健康	stock
新开普	stock
依米康	stock
初灵信息	stock
光线传媒	stock
金信诺	stock
卫宁健康	stock
仟源医药	stock
常山药业	stock
星星科技	stock
开山股份	stock
精锻科技	stock
新天科技	stock
新莱应材	stock
雅本化学	stock
巴安水务	stock
隆华节能	stock
佳创视讯	stock
通光线缆	stock
兴源环境	stock
尔康制药	stock
佳沃股份	stock
联建光电	stock
中威电子	stock
华宇软件	stock
开能环保	stock
和佳股份	stock
阳光电源	stock
梅安森	stock
三丰智能	stock
海联讯	stock
华昌达	stock
和晶科技	stock
南通锻压	stock
金明精机	stock
汇冠股份	stock
温州宏丰	stock
苏交科	stock
国瓷材料	stock
安科瑞	stock
飞利信	stock
朗玛信息	stock
利德曼	stock
荣科科技	stock
华录百纳	stock
吴通控股	stock
蓝英装备	stock
博雅生物	stock
三六五网	stock
利亚德	stock
蓝盾股份	stock
三诺生物	stock
富春股份	stock
汉鼎宇佑	stock
长方集团	stock
同有科技	stock
聚飞光电	stock
云意电气	stock
裕兴股份	stock
远方信息	stock
慈星股份	stock
中际旭创	stock
吉艾科技	stock
宜通世纪	stock
任子行	stock
邦讯技术	stock
天山生物	stock
戴维医疗	stock
掌趣科技	stock
晶盛机电	stock
珈伟股份	stock
博晖创新	stock
麦捷科技	stock
海达股份	stock
同大股份	stock
硕贝德	stock
华灿光电	stock
旋极信息	stock
德威新材	stock
凯利泰	stock
中颖电子	stock
宜安科技	stock
海伦钢琴	stock
华虹计通	stock
苏大维格	stock
天壕环境	stock
兆日科技	stock
津膜科技	stock
迪森股份	stock
新文化	stock
银邦股份	stock
开元股份	stock
润和软件	stock
科恒股份	stock
麦迪电气	stock
天银机电	stock
联创互联	stock
太空智造	stock
红宇新材	stock
南大光电	stock
泰格医药	stock
长亮科技	stock
金卡智能	stock
华鹏飞	stock
永贵电器	stock
北信源	stock
东土科技	stock
东华测试	stock
蒙草生态	stock
光一科技	stock
我武生物	stock
楚天科技	stock
全通教育	stock
炬华科技	stock
奥赛康	stock
天翔环境	stock
博腾股份	stock
中文在线	stock
恒华科技	stock
创意信息	stock
东方网力	stock
汇金股份	stock
绿盟科技	stock
安控科技	stock
汇中股份	stock
欣泰退	stock
扬杰科技	stock
恒通科技	stock
鹏翎股份	stock
易事特	stock
赢时胜	stock
鼎捷软件	stock
东方通	stock
安硕信息	stock
溢多利	stock
斯莱克	stock
光环新网	stock
三联虹普	stock
雪浪环境	stock
飞天诚信	stock
富邦股份	stock
国祯环保	stock
艾比森	stock
天华超净	stock
康跃科技	stock
腾信股份	stock
中来股份	stock
天孚通信	stock
菲利华	stock
迪瑞医疗	stock
天和防务	stock
飞凯材料	stock
京天利	stock
劲拓股份	stock
花园生物	stock
宝色股份	stock
地尔汉宇	stock
博济医药	stock
科隆股份	stock
九强生物	stock
凯发电气	stock
三环集团	stock
道氏技术	stock
正业科技	stock
金盾股份	stock
迦南科技	stock
快乐购	stock
中光防雷	stock
伊之密	stock
苏试试验	stock
南华仪器	stock
昆仑万维	stock
浩丰科技	stock
五洋停车	stock
力星股份	stock
博世科	stock
鲁亿通	stock
航新科技	stock
环能科技	stock
唐德影视	stock
红相股份	stock
四通新材	stock
强力新材	stock
诚益通	stock
暴风集团	stock
富临精工	stock
蓝思科技	stock
金石东方	stock
中泰股份	stock
广生堂	stock
清水源	stock
鹏辉能源	stock
美康生物	stock
运达科技	stock
鲍斯股份	stock
普丽盛	stock
金雷风电	stock
双杰电气	stock
康斯特	stock
乐凯新材	stock
全信股份	stock
浩云科技	stock
汉邦高科	stock
先导智能	stock
创业软件	stock
山河药辅	stock
三鑫医疗	stock
深信服	stock
康拓红外	stock
耐威科技	stock
赢合科技	stock
全志科技	stock
金科文化	stock
惠伦晶体	stock
田中精机	stock
华铭智能	stock
迈克生物	stock
星徽精密	stock
高伟达	stock
赛摩电气	stock
迅游科技	stock
四方精创	stock
信息发展	stock
日机密封	stock
厚普股份	stock
新元科技	stock
德尔股份	stock
景嘉微	stock
聚隆科技	stock
胜宏科技	stock
合纵科技	stock
杭州高新	stock
神思电子	stock
光力科技	stock
濮阳惠成	stock
万孚生物	stock
沃施股份	stock
蓝海华腾	stock
赛升药业	stock
东杰智能	stock
蓝晓科技	stock
恒锋工具	stock
中飞股份	stock
华自科技	stock
通合科技	stock
山鼎设计	stock
润欣科技	stock
盛天网络	stock
美尚生态	stock
中科创达	stock
富祥股份	stock
温氏股份	stock
高澜股份	stock
启迪设计	stock
海顺新材	stock
新易盛	stock
昊志机电	stock
天邑股份	stock
川金诺	stock
名家汇	stock
苏奥传感	stock
维宏股份	stock
新美星	stock
金冠电气	stock
雪榕生物	stock
中亚股份	stock
恒泰实达	stock
友讯达	stock
三德科技	stock
久之洋	stock
海波重科	stock
盛讯达	stock
新光药业	stock
科大国创	stock
爱司凯	stock
世名科技	stock
辰安科技	stock
博思软件	stock
中潜股份	stock
华舟应急	stock
幸福蓝海	stock
健帆生物	stock
达志科技	stock
优博讯	stock
今天国际	stock
冰川网络	stock
陇神戎发	stock
达威股份	stock
农尚环境	stock
广信材料	stock
同益股份	stock
横河模具	stock
深冷股份	stock
先进数通	stock
新晨科技	stock
朗科智能	stock
联得装备	stock
雄帝科技	stock
川环科技	stock
博创科技	stock
优德精密	stock
和仁科技	stock
古鳌科技	stock
万集科技	stock
集智股份	stock
三超新材	stock
路通视信	stock
丝路视觉	stock
理工光科	stock
贝达药业	stock
佳发安泰	stock
中富通	stock
汇金科技	stock
乐心医疗	stock
神宇股份	stock
科信技术	stock
激智科技	stock
精测电子	stock
星源材质	stock
天能重工	stock
太辰光	stock
平治信息	stock
安车检测	stock
兴齐眼药	stock
中旗股份	stock
容大感光	stock
开润股份	stock
会畅通讯	stock
数字认证	stock
贝斯特	stock
晨曦航空	stock
英飞特	stock
赛托生物	stock
海辰药业	stock
奥联电子	stock
美联新材	stock
天铁股份	stock
熙菱信息	stock
江龙船艇	stock
移为通信	stock
万里马	stock
华凯创意	stock
新雷能	stock
欧普康视	stock
利安隆	stock
吉大通信	stock
诚迈科技	stock
雄塑科技	stock
瑞特股份	stock
康泰生物	stock
飞荣达	stock
立昂技术	stock
长川科技	stock
恒锋信息	stock
金太阳	stock
拓斯达	stock
思特奇	stock
汇纳科技	stock
晨化股份	stock
美力科技	stock
宣亚国际	stock
富瀚微	stock
欣天科技	stock
尚品宅配	stock
安靠智电	stock
寒锐钴业	stock
金银河	stock
光库科技	stock
维业股份	stock
博士眼镜	stock
捷捷微电	stock
万兴科技	stock
三雄极光	stock
华瑞股份	stock
华测导航	stock
亿联网络	stock
新劲刚	stock
普利制药	stock
久吾高科	stock
光莆股份	stock
开立医疗	stock
彩讯股份	stock
达安股份	stock
同和药业	stock
扬帆新材	stock
广和通	stock
凯普生物	stock
德艺文创	stock
正丹股份	stock
透景生命	stock
万通智控	stock
南京聚隆	stock
正元智慧	stock
侨源气体	stock
超频三	stock
星云股份	stock
杭州园林	stock
太龙照明	stock
金陵体育	stock
雷迪克	stock
正海生物	stock
世纪天鸿	stock
晶瑞股份	stock
民德电子	stock
弘信电子	stock
延江股份	stock
中孚信息	stock
江苏雷利	stock
圣邦股份	stock
科锐国际	stock
科蓝软件	stock
鹏鹞环保	stock
飞鹿股份	stock
江丰电子	stock
必创科技	stock
杰恩设计	stock
沪宁股份	stock
大烨智能	stock
富满电子	stock
国科微	stock
佩蒂股份	stock
建科院	stock
华大基因	stock
英科医疗	stock
中科信息	stock
电连技术	stock
隆盛科技	stock
英搏尔	stock
朗新科技	stock
海特生物	stock
中石科技	stock
艾德生物	stock
智动力	stock
赛意信息	stock
创业黑马	stock
澄天伟业	stock
双一科技	stock
联合光电	stock
中环环保	stock
盛弘股份	stock
兆丰股份	stock
爱乐达	stock
电工合金	stock
万马科技	stock
光威复材	stock
岱勒新材	stock
森霸传感	stock
天宇股份	stock
创源文化	stock
九典制药	stock
阿石创	stock
威唐工业	stock
聚灿光电	stock
精研科技	stock
万隆光电	stock
广哈通信	stock
永福股份	stock
英可瑞	stock
凯伦股份	stock
国立科技	stock
华信新材	stock
长盛轴承	stock
安达维尔	stock
海川智能	stock
怡达股份	stock
新余国科	stock
一品红	stock
药石科技	stock
宏达电子	stock
润禾材料	stock
天常股份	stock
乐歌股份	stock
科创信息	stock
科创新源	stock
设研院	stock
西菱动力	stock
光弘科技	stock
百华悦邦	stock
科顺股份	stock
奥飞数据	stock
明阳电路	stock
御家汇	stock
华宝股份	stock
越博动力	stock
天地数码	stock
欣锐科技	stock
汉嘉设计	stock
