cctv1综合	tvchannel
cctv2财经	tvchannel
cctv3综艺	tvchannel
cctv4国际	tvchannel
cctv5体育	tvchannel
cctv6电影	tvchannel
cctv7军事农业	tvchannel
cctv8电视剧	tvchannel
cctv9纪录	tvchannel
cctv10科教	tvchannel
cctv11戏曲	tvchannel
cctv12社会与法	tvchannel
cctv13新闻	tvchannel
cctv14少儿	tvchannel
cctv15音乐	tvchannel
cctv5+体育赛事	tvchannel
cctv4美洲	tvchannel
cctv4欧洲	tvchannel
cctvnews	tvchannel
cctv阿拉伯语	tvchannel
cctv法语	tvchannel
cctv俄语	tvchannel
cctv西域	tvchannel
cctv女性时尚	tvchannel
cctv国防军事	tvchannel
cctv第一剧场	tvchannel
cctv风云音乐	tvchannel
cctv电视指南	tvchannel
cctv怀旧剧场	tvchannel
cctv世界地理	tvchannel
cctv气象	tvchannel
中国教育一台	tvchannel
中国教育二台	tvchannel
中国教育三台	tvchannel
湖南卫视	tvchannel
江苏卫视	tvchannel
东方卫视	tvchannel
浙江卫视	tvchannel
安徽卫视	tvchannel
湖北卫视	tvchannel
天津卫视	tvchannel
北京卫视	tvchannel
深圳卫视	tvchannel
山东卫视	tvchannel
辽宁卫视	tvchannel
云南卫视	tvchannel
贵州卫视	tvchannel
陕西卫视	tvchannel
东南卫视	tvchannel
广东卫视	tvchannel
宁夏卫视	tvchannel
河北卫视	tvchannel
山西卫视	tvchannel
四川卫视	tvchannel
旅游卫视	tvchannel
吉林卫视	tvchannel
青海卫视	tvchannel
甘肃卫视	tvchannel
江西卫视	tvchannel
广西卫视	tvchannel
重庆卫视	tvchannel
河南卫视	tvchannel
新疆卫视	tvchannel
西藏卫视	tvchannel
tvb翡翠台	tvchannel
黑龙江卫视	tvchannel
内蒙古卫视 	tvchannel
华娱卫视	tvchannel
星空卫视	tvchannel
厦门卫视	tvchannel
南方卫视	tvchannel
三沙卫视	tvchannel
兵团卫视	tvchannel
延边卫视	tvchannel
澳亚卫视	tvchannel
体育频道	tvchannel
广东体育	tvchannel
北京体育	tvchannel
上海五星体育	tvchannel
欧洲足球	tvchannel
风云足球	tvchannel
高尔夫网球	tvchannel
劲爆体育	tvchannel
广州竞赛	tvchannel
纬来体育	tvchannel
武汉文体	tvchannel
湖北体育	tvchannel
杭州体育	tvchannel
天津体育	tvchannel
fox体育台	tvchannel
fox体育 hd	tvchannel
卫视体育台湾	tvchannel
欧洲体育1台	tvchannel
欧洲体育2台	tvchannel
jsports 1	tvchannel
jsports 2	tvchannel
jsports espn	tvchannel
jsports plus	tvchannel
nba tv	tvchannel
央视台球	tvchannel
切尔西tv	tvchannel
wwe美国摔角	tvchannel
espnuk 	tvchannel
espn美国	tvchannel
深圳体育	tvchannel
江苏体育	tvchannel
新疆体育	tvchannel
大连文体	tvchannel
太原文体	tvchannel
郑州文体	tvchannel
海南文体	tvchannel
银川文体	tvchannel
先锋乒羽	tvchannel
辽宁体育	tvchannel
国际频道	tvchannel
凤凰中文	tvchannel
tvb翡翠台hd	tvchannel
凤凰香港	tvchannel
nhk综合	tvchannel
韩国kbs 1	tvchannel
朝日电视台	tvchannel
国家地理	tvchannel
国家地理hd	tvchannel
香港tvbj2	tvchannel
香港tvb8	tvchannel
香港卫视	tvchannel
凤凰资讯	tvchannel
莲花卫视	tvchannel
澳视高清	tvchannel
澳视卫星	tvchannel
澳门卫视	tvchannel
亚太卫视	tvchannel
红星卫视	tvchannel
日本关西tv	tvchannel
nhk教育	tvchannel
东京电视台	tvchannel
日本ntv	tvchannel
日本bsnhk	tvchannel
日本bsjapan	tvchannel
日本nhkbs1	tvchannel
韩国mbs	tvchannel
日本bsfuji	tvchannel
kidsstation	tvchannel
富士电视台	tvchannel
东京mx	tvchannel
日本tbs	tvchannel
日本ytv	tvchannel
八大综合	tvchannel
tvbs欢乐台	tvchannel
台湾中视	tvchannel
台湾台视	tvchannel
台湾华视	tvchannel
中天综合	tvchannel
三立台湾	tvchannel
三立都会	tvchannel
韩国channel	tvchannel
韩国sbs hd	tvchannel
韩国kbs 2	tvchannel
韩国mbc	tvchannel
韩国mnet	tvchannel
韩国tvn	tvchannel
韩国ebs	tvchannel
kiss tv	tvchannel
capital fm tv	tvchannel
tpg for music	tvchannel
cmc country music	tvchannel
radio monte carlo	tvchannel
virgin radio	tvchannel
越南antv	tvchannel
越南bptv1	tvchannel
越南bptv2	tvchannel
越南drt1	tvchannel
越南drt2	tvchannel
越南hgtv	tvchannel
越南vtv1	tvchannel
越南vtv6	tvchannel
越南vtv7	tvchannel
越南vtv4	tvchannel
越南htv4	tvchannel
越南ktv	tvchannel
越南imovie	tvchannel
越南lifetv	tvchannel
越南lstv	tvchannel
越南h1	tvchannel
越南ptd	tvchannel
越南sctv3	tvchannel
越南sctv8	tvchannel
越南thgl	tvchannel
越南sctv16	tvchannel
越南thp	tvchannel
越南thtpct	tvchannel
越南discovery	tvchannel
越南trt1	tvchannel
越南ttv11	tvchannel
越南vitv	tvchannel
越南vp	tvchannel
越南tlc	tvchannel
越南vtvcantho1	tvchannel
越南vtvphuyen	tvchannel
越南sctv2	tvchannel
越南h2	tvchannel
越南axn	tvchannel
越南starworld	tvchannel
越南cartoon 	tvchannel
泰国mvtv variety	tvchannel
泰国pop tv	tvchannel
泰国smm tv	tvchannel
泰国gpo tv	tvchannel
泰国green	tvchannel
泰国davinci	tvchannel
泰国tvpool 	tvchannel
泰国tv8	tvchannel
泰国musicpool 	tvchannel
泰国tv5	tvchannel
泰国cartoon	tvchannel
泰国bang 	tvchannel
泰国youchannel	tvchannel
泰国thaipbs	tvchannel
泰国mvtv 	tvchannel
泰国suwan	tvchannel
泰国einvestor	tvchannel
泰国中文台	tvchannel
伦敦体育1台	tvchannel
伦敦体育2台	tvchannel
伦敦体育3台	tvchannel
伦敦体育4台	tvchannel
伦敦体育5台	tvchannel
伦敦体育6台	tvchannel
伦敦体育7台	tvchannel
伦敦体育8台	tvchannel
伦敦体育9台	tvchannel
伦敦体育10台	tvchannel
伦敦体育11台	tvchannel
伦敦体育12台	tvchannel
伦敦体育13台	tvchannel
伦敦体育14台	tvchannel
伦敦体育15台	tvchannel
北京文艺	tvchannel
北京新闻	tvchannel
北京科教	tvchannel
北京影视	tvchannel
北京财经	tvchannel
北京生活	tvchannel
北京青年	tvchannel
北京卡酷少儿	tvchannel
北京大兴综合	tvchannel
北京大兴资讯	tvchannel
北京清华电视台	tvchannel
北京四海钓鱼	tvchannel
北京大兴公共	tvchannel
北京优购物	tvchannel
大兴手机直拍	tvchannel
北京北广传媒	tvchannel
张家湾新闻综合	tvchannel
张家湾社会生活	tvchannel
上海新闻综合	tvchannel
上海星尚频道	tvchannel
上海第一财经	tvchannel
上海东方财经	tvchannel
上海理财频道	tvchannel
上海电视剧频道	tvchannel
上海东方电影	tvchannel
上海纪实频道	tvchannel
上海东方购物	tvchannel
上海艺术人文	tvchannel
上海东方娱乐	tvchannel
上海教育频道	tvchannel
上海外语频道	tvchannel
上海炫动卡通	tvchannel
上海魅力音乐	tvchannel
上海生活时尚	tvchannel
上海导视频道	tvchannel
广州综合频道	tvchannel
广州影视频道	tvchannel
广州新闻频道	tvchannel
广州经济频道	tvchannel
广州少儿频道	tvchannel
深圳都市频道	tvchannel
深圳电视剧频道	tvchannel
深圳财经频道	tvchannel
深圳娱乐频道	tvchannel
深圳少儿频道	tvchannel
深圳公共频道	tvchannel
深圳宜和购物	tvchannel
深圳国际频道	tvchannel
深圳移动频道	tvchannel
深圳dv生活	tvchannel
天津国际频道	tvchannel
天津新闻频道	tvchannel
天津公共频道	tvchannel
天津科教频道	tvchannel
天津文艺频道	tvchannel
天津少儿频道	tvchannel
天津都市频道	tvchannel
天津三佳购物	tvchannel
天津影视频道	tvchannel
重庆新闻频道	tvchannel
重庆汽摩频道	tvchannel
重庆时装频道	tvchannel
重庆影视频道	tvchannel
重庆娱乐频道	tvchannel
重庆生活频道	tvchannel
重庆移动频道	tvchannel
重庆时尚频道	tvchannel
重庆公共频道	tvchannel
重庆少儿频道	tvchannel
重庆科教频道	tvchannel
重庆新财经频道	tvchannel
公共农村频道	tvchannel
手持电视频道	tvchannel
湖南都市频道	tvchannel
湖南经视频道	tvchannel
湖南金鹰卡通	tvchannel
湖南电视剧频道	tvchannel
湖南快乐垂钓	tvchannel
湖南现代房产	tvchannel
湖南长沙新闻	tvchannel
湖南长沙政法	tvchannel
湖南长沙女性	tvchannel
湖南长沙经贸	tvchannel
湖南长沙公共	tvchannel
湖南长沙嘉丽购物	tvchannel
湖南湘潭新闻	tvchannel
湖南长株潭3	tvchannel
湖南株洲法制	tvchannel
湖南株洲公共民生	tvchannel
江苏国际频道	tvchannel
江苏靓妆频道	tvchannel
江苏城市频道	tvchannel
江苏综艺频道	tvchannel
江苏影视频道	tvchannel
江苏优漫卡通	tvchannel
江苏教育频道	tvchannel
江苏好享购物	tvchannel
江苏江苏公共	tvchannel
江苏南京娱乐	tvchannel
江苏南京十八	tvchannel
江苏南京新闻	tvchannel
江苏南京教科	tvchannel
江苏南京生活	tvchannel
江苏南京少儿	tvchannel
江苏苏州新闻	tvchannel
江苏苏州社会	tvchannel
江苏苏州文化	tvchannel
江苏苏州生活	tvchannel
江苏扬州新闻	tvchannel
江苏扬州城市	tvchannel
江苏扬州生活	tvchannel
江苏常州综合	tvchannel
江苏泰州综合	tvchannel
江苏淮安综合	tvchannel
江苏淮安公共	tvchannel
淮安影视娱乐	tvchannel
淮安网络电视	tvchannel
江苏如东影视	tvchannel
江苏如东新闻	tvchannel
江苏如东生活	tvchannel
昆山社会生活	tvchannel
江苏无锡新闻	tvchannel
江苏无锡娱乐	tvchannel
江苏无锡都市	tvchannel
江苏无锡经济	tvchannel
江苏盐城新闻	tvchannel
江苏盐城法制	tvchannel
江苏盐城公共	tvchannel
江苏盐城七一	tvchannel
江苏镇江新闻	tvchannel
江苏徐州综合	tvchannel
江苏徐州公共	tvchannel
江苏徐州经济	tvchannel
江苏徐州文艺	tvchannel
连云港新闻综合	tvchannel
江苏张家港新闻	tvchannel
江苏张家港社会	tvchannel
江苏宿迁综合	tvchannel
江苏江阴新闻	tvchannel
江苏江阴民生	tvchannel
南通综合频道	tvchannel
南通社教频道	tvchannel
南通生活频道	tvchannel
南通信息频道	tvchannel
南通江海明珠	tvchannel
江苏武进新闻	tvchannel
浙江钱江频道	tvchannel
浙江教育科技	tvchannel
浙江影视频道	tvchannel
浙江民生频道	tvchannel
浙江经视频道	tvchannel
浙江公共频道	tvchannel
浙江少儿频道	tvchannel
浙江国际频道	tvchannel
浙江留学世界	tvchannel
浙江杭州明珠	tvchannel
杭州新闻综合	tvchannel
杭州少儿频道 	tvchannel
浙江杭州生活	tvchannel
浙江杭州留学	tvchannel
杭州影视频道	tvchannel
杭州导视记录	tvchannel
浙江台州新闻	tvchannel
浙江台州影视	tvchannel
浙江台州公共	tvchannel
浙江台州城市	tvchannel
浙江宁波社会	tvchannel
浙江宁波文化	tvchannel
浙江宁波影视	tvchannel
浙江宁波新闻	tvchannel
浙江宁波少儿	tvchannel
浙江绍兴影视	tvchannel
浙江绍兴新闻	tvchannel
浙江绍兴公共	tvchannel
浙江金华新闻	tvchannel
浙江金华教科	tvchannel
浙江金华经济	tvchannel
浙江金华都市	tvchannel
浙江义乌新闻	tvchannel
浙江义乌商贸	tvchannel
浙江义乌公共	tvchannel
浙江长兴新闻	tvchannel
浙江长兴文化	tvchannel
浙江平湖新闻	tvchannel
浙江平湖民生	tvchannel
浙江平湖西瓜	tvchannel
浙江建德新闻	tvchannel
浙江经济生活	tvchannel
浙江顶点财经	tvchannel
湖州新闻综合	tvchannel
舟山新闻综合	tvchannel
嘉兴新闻综合	tvchannel
衢州新闻综合	tvchannel
丽水新闻综合	tvchannel
温州瓯江先锋	tvchannel
温州公共民生	tvchannel
温州都市生活	tvchannel
温州新闻综合	tvchannel
温州经济科教	tvchannel
山西经济频道	tvchannel
山西影视频道	tvchannel
山西科教频道	tvchannel
山西公共频道	tvchannel
山西少儿频道	tvchannel
山西优购物频道	tvchannel
彩民在线频道	tvchannel
山西老年福频道	tvchannel
山西中国黄河	tvchannel
山西黄河电视台	tvchannel
山西太原百姓	tvchannel
太原新闻频道	tvchannel
太原家庭消费	tvchannel
太原影视频道	tvchannel
山西阳泉科教	tvchannel
山西晋城新闻	tvchannel
山西太原法制	tvchannel
山西大同一套	tvchannel
山西大同二套	tvchannel
山西大同三套	tvchannel
黑龙江影视频道	tvchannel
黑龙江文艺频道	tvchannel
黑龙江都市频道	tvchannel
黑龙江新闻频道	tvchannel
黑龙江公共频道	tvchannel
黑龙江第7频道	tvchannel
黑龙江导视频道	tvchannel
黑龙江考试频道	tvchannel
黑龙江少儿频道	tvchannel
黑龙江绥化公共	tvchannel
黑龙江伊春新闻	tvchannel
黑龙江绥化新闻	tvchannel
黑龙江大庆影视	tvchannel
大庆百湖频道	tvchannel
大庆新闻综合	tvchannel
黑龙江大庆科教	tvchannel
黑龙江法制频道	tvchannel
黑龙江手机电视	tvchannel
广东公共频道	tvchannel
广东新闻频道	tvchannel
广东移动频道	tvchannel
广东会展频道	tvchannel
广东房产频道	tvchannel
广东珠江电影	tvchannel
广东嘉佳卡通	tvchannel
广东南方经视	tvchannel
广东南方少儿	tvchannel
广东南方影视	tvchannel
广东南方综艺	tvchannel
广东惠州一台	tvchannel
广东珠海第一	tvchannel
广东珠海第二	tvchannel
广东珠江频道	tvchannel
广东珠海综合	tvchannel
广东东莞一台	tvchannel
广东东莞二台	tvchannel
广东潮州综合	tvchannel
广东岭南戏曲	tvchannel
广东现代教育	tvchannel
广东台山综合	tvchannel
广东英语辅导	tvchannel
吉林都市频道	tvchannel
吉林影视频道	tvchannel
吉林生活频道	tvchannel
吉林综艺文化	tvchannel
吉林长春综合	tvchannel
吉林长春市民	tvchannel
延边网络电视	tvchannel
吉林白城公共	tvchannel
吉林辽源公共	tvchannel
通化新闻综合	tvchannel
辽宁经济频道	tvchannel
辽宁公共频道	tvchannel
辽宁北方频道	tvchannel
辽宁教育青少	tvchannel
辽宁宜家购物	tvchannel
辽宁沈阳新闻	tvchannel
辽宁大连新闻	tvchannel
辽宁大连生活	tvchannel
辽宁大连影视	tvchannel
辽宁大连少儿	tvchannel
辽宁大连财经	tvchannel
辽宁大连公共	tvchannel
大连云动v电影	tvchannel
辽宁晴彩大连	tvchannel
鞍山公共生活	tvchannel
辽宁鞍山娱乐	tvchannel
马鞍山新闻服务	tvchannel
辽宁马鞍山时尚	tvchannel
辽宁马鞍山都市	tvchannel
福建厦门一套	tvchannel
福建福州影视	tvchannel
福建福州综合	tvchannel
福建福州电视台	tvchannel
福建福州少儿	tvchannel
福建福州生活	tvchannel
安徽影视频道	tvchannel
安徽科教频道	tvchannel
安徽公共频道	tvchannel
安徽合肥故事	tvchannel
安徽人物频道	tvchannel
安徽国际频道	tvchannel
安徽合肥法制	tvchannel
安徽综艺频道	tvchannel
安徽合肥新闻	tvchannel
安徽经济生活	tvchannel
安徽蚌埠生活	tvchannel
安徽蚌埠新闻	tvchannel
安徽芜湖新闻	tvchannel
安徽蚌埠公共	tvchannel
安徽芜湖生活	tvchannel
安徽芜湖徽商	tvchannel
安徽淮北新闻	tvchannel
安徽淮北公共	tvchannel
安徽淮北教育	tvchannel
安徽池州新闻	tvchannel
安徽池州公共	tvchannel
安徽合肥生活	tvchannel
安徽合肥财经	tvchannel
合肥文体博览	tvchannel
铜陵新闻综合	tvchannel
四川成都公共	tvchannel
四川成都少儿	tvchannel
四川科教频道	tvchannel
四川康巴卫视	tvchannel
四川成都经济	tvchannel
四川新闻资讯	tvchannel
四川成都新闻	tvchannel
四川文化频道	tvchannel
四川雨城电视	tvchannel
四川成都生活	tvchannel
四川成都影视	tvchannel
四川妇女儿童	tvchannel
四川影视频道	tvchannel
四川星空购物	tvchannel
四川仪陇新闻	tvchannel
四川公共频道	tvchannel
四川阿坝综合	tvchannel
宜宾公共生活	tvchannel
宜宾新闻综合	tvchannel
四川自贡综合	tvchannel
四川自贡公共	tvchannel
陕西西安新闻 	tvchannel
陕西西安白鸽	tvchannel
陕西西安健康	tvchannel
陕西西安商务	tvchannel
西安文化影视	tvchannel
陕西西安音乐	tvchannel
陕西榆林1套	tvchannel
陕西榆林2套	tvchannel
陕西榆林3套	tvchannel
广西晴彩交通	tvchannel
广西都市频道	tvchannel
广西综艺频道	tvchannel
广西公共频道	tvchannel
广西乐思购频道	tvchannel
广西国际频道	tvchannel
广西资讯频道	tvchannel
广西影视频道	tvchannel
柳州科教频道	tvchannel
柳州公共频道	tvchannel
柳州新闻频道	tvchannel
玉林新闻综合	tvchannel
梧州公共频道	tvchannel
梧州新闻综合	tvchannel
广西南宁新闻	tvchannel
广西南宁影视	tvchannel
广西南宁公共	tvchannel
广西南宁都市	tvchannel
河北购物频道	tvchannel
石家庄新闻	tvchannel
石家庄娱乐	tvchannel
秦皇岛1台	tvchannel
秦皇岛2台	tvchannel
秦皇岛3台	tvchannel
河北少儿科教	tvchannel
河北都市频道	tvchannel
石家庄生活	tvchannel
河北经济频道	tvchannel
河北公共频道	tvchannel
河北影视频道	tvchannel
石家庄都市	tvchannel
河北雪梨tv	tvchannel
河北邯郸新闻	tvchannel
河北邯郸公共	tvchannel
河北邯郸民生	tvchannel
河北承德新闻	tvchannel
河北承德公共	tvchannel
河北承德旅游	tvchannel
河北农民频道	tvchannel
河南电视剧	tvchannel
河南欢腾购物	tvchannel
河南民生频道	tvchannel
河南法制频道	tvchannel
河南公共频道	tvchannel
河南商务频道	tvchannel
河南新闻频道	tvchannel
晴彩平顶山	tvchannel
河南都市频道	tvchannel
南阳电视台	tvchannel
郑州综合频道	tvchannel
郑州妇女儿童	tvchannel
郑州商都频道	tvchannel
郑州影视频道	tvchannel
郑州新闻频道	tvchannel
睛彩安阳频道	tvchannel
安阳法制频道	tvchannel
安阳科教频道	tvchannel
安阳综合频道	tvchannel
许昌新闻综合	tvchannel
山东教育频道	tvchannel
山东齐鲁频道	tvchannel
潍坊新闻综合	tvchannel
山东潍坊农业	tvchannel
山东济南影视	tvchannel
山东济南娱乐	tvchannel
山东济南新闻	tvchannel
山东济南生活	tvchannel
济南商务频道	tvchannel
山东济南少儿	tvchannel
山东济南都市	tvchannel
山东烟台一台	tvchannel
威海新闻综合	tvchannel
山东威海综艺	tvchannel
山东威海公共	tvchannel
山东菏泽1台	tvchannel
山东菏泽2台	tvchannel
山东菏泽3台	tvchannel
山东德州生活	tvchannel
山东德州新闻	tvchannel
山东德州时尚	tvchannel
江西都市频道	tvchannel
江西移动频道	tvchannel
江西少儿家庭	tvchannel
江西指南频道	tvchannel
江西公共频道	tvchannel
江西经视频道	tvchannel
江西影视频道	tvchannel
江西炫彩频道	tvchannel
江西红色经典	tvchannel
江西南昌新闻	tvchannel
江西南昌都市	tvchannel
江西南昌资讯	tvchannel
江西南昌公共	tvchannel
江西风尚购物	tvchannel
宜春新闻综合	tvchannel
贵州第七频道	tvchannel
贵州家有购物	tvchannel
湖北恩施综合	tvchannel
湖北建始综合	tvchannel
湖北巴东综合	tvchannel
湖北公共频道	tvchannel
湖北晴彩频道	tvchannel
湖北综合频道	tvchannel
湖北教育频道	tvchannel
湖北垄上频道	tvchannel
湖北经视频道	tvchannel
湖北鄂中经视	tvchannel
湖北影视频道	tvchannel
湖北武汉文艺	tvchannel
武汉新闻频道	tvchannel
湖北武汉科教	tvchannel
湖北武汉教育	tvchannel
武汉少儿频道	tvchannel
湖北荆门农谷	tvchannel
湖北三峡综合	tvchannel
湖北三峡移动	tvchannel
三峡旅游商务	tvchannel
湖北三峡公共	tvchannel
湖荆门新闻	tvchannel
荆门鄂中经济	tvchannel
湖北美嘉购物	tvchannel
湖北随州综合	tvchannel
湖北随州都市	tvchannel
湖北随州农村	tvchannel
湖北荆门旅游	tvchannel
荆州新闻频道	tvchannel
荆州社区频道	tvchannel
海南新闻频道	tvchannel
海南影视频道	tvchannel
海南少儿频道	tvchannel
海南综合频道	tvchannel
海南公共频道	tvchannel
海南青少频道	tvchannel
云南娱乐频道	tvchannel
云南昆明六台	tvchannel
云南都市频道	tvchannel
云南昆明影视	tvchannel
云南昆明一台	tvchannel
云南昆明二台	tvchannel
云南昆明三台	tvchannel
云南昆明财富	tvchannel
云南丽江综合	tvchannel
云南丽江公共	tvchannel
云南公共频道	tvchannel
德宏电视台	tvchannel
文山新闻综合	tvchannel
甘肃公共频道	tvchannel
甘肃都市频道	tvchannel
甘肃少儿频道	tvchannel
甘肃文化影视	tvchannel
青海西宁新闻	tvchannel
青海西宁生活	tvchannel
西宁夏都房车	tvchannel
新疆维语新闻	tvchannel
新疆哈语新闻	tvchannel
新疆汉语综艺	tvchannel
新疆维语综艺	tvchannel
新疆汉语经济	tvchannel
新疆哈语综艺	tvchannel
新疆教育频道	tvchannel
新疆少儿频道	tvchannel
新疆法制信息	tvchannel
新疆乌鲁木齐1	tvchannel
新疆乌鲁木齐2	tvchannel
新疆乌鲁木齐3	tvchannel
新疆乌鲁木齐5	tvchannel
新疆乌鲁木齐6	tvchannel
宁夏公共频道	tvchannel
宁夏少儿频道	tvchannel
宁夏经济频道	tvchannel
宁夏银川生活	tvchannel
银川公共频道	tvchannel
鄂尔多斯一台	tvchannel
鄂尔多斯二台	tvchannel
鄂尔多斯三台	tvchannel
鄂尔多斯四台	tvchannel
cctv4中文国际(亚)	tvchannel
cctv4中文国际(欧)	tvchannel
cctv4中文国际(美)	tvchannel
cctv7军事·农业	tvchannel
cctv9纪录(英)	tvchannel
cctv西语	tvchannel
cctv阿语	tvchannel
cctv高清	tvchannel
cctv风云足球	tvchannel
cctv风云剧场	tvchannel
cctv发现之旅	tvchannel
cctv证券资讯	tvchannel
cctv高尔夫网球	tvchannel
cctv书画频道	tvchannel
cctv中学生	tvchannel
cctv购物频道	tvchannel
cntv体育演播室	tvchannel
cetv中国教育1台	tvchannel
cetv中国教育2台	tvchannel
cetv中国教育3台	tvchannel
cetv空中课堂	tvchannel
cetv汉语频道	tvchannel
中国气象频道	tvchannel
法律服务	tvchannel
电子竞技	tvchannel
chc高清电影	tvchannel
chc动作电影	tvchannel
chc家庭影院	tvchannel
海峡卫视	tvchannel
内蒙古卫视	tvchannel
内蒙古卫视(蒙语)	tvchannel
新疆卫视(维语)	tvchannel
新疆卫视(哈语)	tvchannel
bon蓝海卫视	tvchannel
湖南公共	tvchannel
湖南都市	tvchannel
湖南娱乐	tvchannel
湖南经视	tvchannel
金鹰纪实	tvchannel
金鹰卡通	tvchannel
湖南电视剧	tvchannel
湖南国际	tvchannel
先锋纪录	tvchannel
快乐垂钓	tvchannel
快乐购	tvchannel
现代女性	tvchannel
现代房产	tvchannel
长沙新闻	tvchannel
政法频道	tvchannel
女性频道	tvchannel
长沙经贸	tvchannel
长沙公共	tvchannel
嘉丽购物	tvchannel
汽车频道	tvchannel
株洲新闻综合	tvchannel
株洲法制	tvchannel
株洲公共	tvchannel
株洲企业	tvchannel
株洲商务	tvchannel
湘潭综合	tvchannel
怀化电视台	tvchannel
江苏国际	tvchannel
江苏靓妆	tvchannel
江苏城市	tvchannel
江苏综艺	tvchannel
江苏影视	tvchannel
江苏体育休闲	tvchannel
江苏幸福	tvchannel
江苏公共	tvchannel
优漫卡通	tvchannel
江苏教育	tvchannel
财富天下	tvchannel
交易日直播	tvchannel
南京新闻综合	tvchannel
南京教科	tvchannel
南京生活	tvchannel
南京娱乐	tvchannel
南京18频道	tvchannel
南京少儿	tvchannel
银晟影院	tvchannel
苏州新闻综合	tvchannel
苏州社会经济	tvchannel
苏州文化生活	tvchannel
苏州专题实录	tvchannel
苏州生活资讯	tvchannel
常州新闻综合	tvchannel
常州都市	tvchannel
常州生活	tvchannel
常州公共	tvchannel
泰州新闻综合	tvchannel
南通新闻综合	tvchannel
南通社教	tvchannel
南通生活	tvchannel
南通信息	tvchannel
淮安新闻综合	tvchannel
淮安公共频道	tvchannel
如东新闻综合	tvchannel
如东生活服务	tvchannel
如东影视娱乐	tvchannel
无锡新闻综合	tvchannel
无锡都市资讯	tvchannel
无锡娱乐	tvchannel
无锡经济	tvchannel
无锡生活	tvchannel
无锡移动	tvchannel
无锡网络	tvchannel
盐城新闻综合	tvchannel
盐城法制生活	tvchannel
盐城城市公共	tvchannel
昆山新闻综合	tvchannel
扬州新闻综合	tvchannel
好享购物	tvchannel
镇江新闻综合	tvchannel
徐州新闻综合	tvchannel
张家港新闻综合	tvchannel
张家港社会生活	tvchannel
宿迁新闻综合	tvchannel
plu游戏直播	tvchannel
plu英雄联盟	tvchannel
星际争霸2	tvchannel
plu星际2	tvchannel
魔兽争霸3	tvchannel
浙江钱江	tvchannel
浙江经视	tvchannel
浙江科教	tvchannel
浙江影视	tvchannel
浙江民生	tvchannel
浙江公共	tvchannel
浙江少儿	tvchannel
浙江国际	tvchannel
留学世界	tvchannel
好易购	tvchannel
杭州明珠	tvchannel
杭州生活	tvchannel
杭州影视	tvchannel
杭州少儿	tvchannel
华数交通	tvchannel
杭州移动	tvchannel
台州新闻综合	tvchannel
台州影视文化	tvchannel
台州公共财富	tvchannel
台州城市生活	tvchannel
宁波新闻综合	tvchannel
宁波社会生活	tvchannel
宁波文化娱乐	tvchannel
宁波电视剧	tvchannel
宁波少儿	tvchannel
绍兴影视娱乐	tvchannel
绍兴公共	tvchannel
绍兴新闻综合	tvchannel
中国轻纺城	tvchannel
嘉兴文化影视	tvchannel
嘉兴公共城市	tvchannel
嘉兴资讯	tvchannel
金华新闻综合	tvchannel
金华教育科技	tvchannel
金华经济生活	tvchannel
湖州公共民生	tvchannel
湖州文化娱乐	tvchannel
安徽影视	tvchannel
安徽综艺	tvchannel
安徽科教	tvchannel
安徽公共	tvchannel
安徽人物	tvchannel
安徽国际	tvchannel
合肥新闻	tvchannel
蚌埠新闻综合	tvchannel
蚌埠生活	tvchannel
芜湖新闻综合	tvchannel
芜湖生活	tvchannel
铜陵生活服务	tvchannel
铜陵影视娱乐	tvchannel
滁州新闻综合	tvchannel
淮北新闻综合	tvchannel
淮北公共	tvchannel
淮南新闻综合	tvchannel
淮南生活	tvchannel
池州新闻综合	tvchannel
池州公共	tvchannel
卡酷少儿	tvchannel
清华大学	tvchannel
新华中文	tvchannel
新华英文	tvchannel
北广传媒	tvchannel
@tv快新闻	tvchannel
@tv音乐台	tvchannel
@tv大舞台	tvchannel
@tv潮体育	tvchannel
@tv车视界	tvchannel
@tv热动漫	tvchannel
@tv娱乐台	tvchannel
@tv爱综艺	tvchannel
@tv纪录片	tvchannel
@tv搏击天下	tvchannel
@tv享旅游	tvchannel
@tv法治中国	tvchannel
@tv美尚生活	tvchannel
@tv美丽中国	tvchannel
@tv美星写真	tvchannel
@tv欢乐送	tvchannel
@tv冰火新中超	tvchannel
@tv世界小姐	tvchannel
@tv爱show视听杂志	tvchannel
虚拟频道	tvchannel
优优宝贝	tvchannel
快乐宠物	tvchannel
考试在线	tvchannel
百姓健康	tvchannel
家庭健康	tvchannel
四海钓鱼	tvchannel
车迷频道	tvchannel
环球旅游	tvchannel
环球奇观	tvchannel
搜狐游戏直播	tvchannel
dota英雄	tvchannel
大兴综合频道	tvchannel
天津滨海	tvchannel
天津文艺	tvchannel
天津影视	tvchannel
天津都市	tvchannel
天津科教	tvchannel
天津少儿	tvchannel
天津公共	tvchannel
时代出行	tvchannel
时代风尚	tvchannel
gtv游戏竞技	tvchannel
gtv网络棋牌	tvchannel
gtv电子体育	tvchannel
辽宁都市	tvchannel
辽宁影视娱乐	tvchannel
辽宁生活	tvchannel
辽宁公共	tvchannel
辽宁家庭影院1台	tvchannel
辽宁家庭影院2台	tvchannel
辽宁家庭影院3台	tvchannel
辽宁老电影	tvchannel
辽宁家庭剧场1台	tvchannel
辽宁家庭剧场2台	tvchannel
辽宁家庭剧场3台	tvchannel
辽宁家庭旅游	tvchannel
辽宁纪录片	tvchannel
辽宁探索集锦	tvchannel
辽宁地理杂志	tvchannel
辽宁娱乐精选	tvchannel
辽宁新动漫	tvchannel
辽宁家庭理财	tvchannel
辽宁海外剧场	tvchannel
辽宁刑侦剧场	tvchannel
辽宁智趣	tvchannel
辽宁节目指南	tvchannel
大连新闻综合	tvchannel
大连生活	tvchannel
大连公共	tvchannel
大连影视	tvchannel
大连少儿	tvchannel
大连财经	tvchannel
晴彩大连	tvchannel
鞍山新闻综合	tvchannel
鞍山时尚	tvchannel
鞍山娱乐	tvchannel
鞍山生活	tvchannel
鞍山图文	tvchannel
鞍山新闻服务	tvchannel
江西都市	tvchannel
江西经视	tvchannel
江西影视	tvchannel
江西公共	tvchannel
江西炫彩tv6	tvchannel
江西移动	tvchannel
南昌新闻综合	tvchannel
南昌都市	tvchannel
南昌资讯	tvchannel
南昌公共	tvchannel
九江1台	tvchannel
九江2台	tvchannel
九江3台	tvchannel
九江旅游文娱	tvchannel
黑龙江文艺	tvchannel
黑龙江都市	tvchannel
黑龙江新闻	tvchannel
黑龙江公共	tvchannel
黑龙江龙传媒	tvchannel
黑龙江导视	tvchannel
黑龙江考试	tvchannel
哈尔滨新闻综合	tvchannel
大庆百湖	tvchannel
大庆综合	tvchannel
大庆科教	tvchannel
大庆影视	tvchannel
伊春新闻综合	tvchannel
齐鲁频道	tvchannel
山东体育	tvchannel
山东影视	tvchannel
山东综艺	tvchannel
山东生活	tvchannel
山东农科	tvchannel
山东公共	tvchannel
山东少儿	tvchannel
山东教育	tvchannel
泰山电视台	tvchannel
读书频道	tvchannel
收藏天下	tvchannel
济南新闻	tvchannel
济南娱乐	tvchannel
济南影视	tvchannel
济南生活	tvchannel
济南商务	tvchannel
济南少儿	tvchannel
济南都市	tvchannel
淄博新闻	tvchannel
品牌齐鲁	tvchannel
乐享动漫	tvchannel
乐享旅游	tvchannel
亲子乐园	tvchannel
乐享健康	tvchannel
乐享dv	tvchannel
乐享mv	tvchannel
脱口秀	tvchannel
乐享佳片	tvchannel
乐享秀色	tvchannel
乐享笑林	tvchannel
青岛新闻综合	tvchannel
青岛生活服务	tvchannel
青岛影视	tvchannel
青岛财经资讯	tvchannel
青岛都市	tvchannel
青岛青少旅游	tvchannel
青岛党建	tvchannel
青岛女性频道	tvchannel
威海一套	tvchannel
威海二套	tvchannel
章丘综合	tvchannel
章丘生活	tvchannel
章丘影视	tvchannel
潍坊经济生活	tvchannel
东营新闻综合	tvchannel
东营公共	tvchannel
东方新闻综合	tvchannel
东方星尚	tvchannel
第一财经	tvchannel
东方财经	tvchannel
理财频道	tvchannel
东方电视剧	tvchannel
东方电影	tvchannel
五星体育	tvchannel
东方纪实	tvchannel
东方娱乐	tvchannel
上海教育	tvchannel
东方购物	tvchannel
东方外语	tvchannel
炫动卡通	tvchannel
生活时尚	tvchannel
法治天地	tvchannel
上海导视	tvchannel
看看新闻网	tvchannel
游戏风云	tvchannel
新娱乐	tvchannel
劲爆足球	tvchannel
动漫秀场	tvchannel
魅力音乐	tvchannel
新视觉高清	tvchannel
cba灌篮	tvchannel
申花频道	tvchannel
英超	tvchannel
英超hd	tvchannel
超级足球	tvchannel
精英体育	tvchannel
中国足球	tvchannel
新浪直播	tvchannel
wcgcsonline	tvchannel
wcg决赛日	tvchannel
wcgcf频道	tvchannel
劲体育	tvchannel
mogo音乐	tvchannel
都市88	tvchannel
好美味	tvchannel
车频道	tvchannel
mlive	tvchannel
嘉定电视台	tvchannel
金山电视台	tvchannel
云南都市	tvchannel
云南娱乐	tvchannel
云南生活资讯	tvchannel
云南公共	tvchannel
昆明1台	tvchannel
昆明2台	tvchannel
昆明3台	tvchannel
昆明4台	tvchannel
昆明5台	tvchannel
昆明6台	tvchannel
红河电视台	tvchannel
四川文化旅游	tvchannel
四川经视	tvchannel
四川影视文艺	tvchannel
成都新闻综合	tvchannel
成都经济资讯	tvchannel
成都都市生活	tvchannel
成都影视文艺	tvchannel
成都公共	tvchannel
成都少儿	tvchannel
美食天府	tvchannel
每日购物	tvchannel
蓉城先锋	tvchannel
成都资讯新干线	tvchannel
成都食尚	tvchannel
成都汽车	tvchannel
自贡综合	tvchannel
自贡公共	tvchannel
乐山新闻综合	tvchannel
乐山公共新农村	tvchannel
乐山文化旅游	tvchannel
乐山互动影视	tvchannel
遂宁综合	tvchannel
遂宁公共	tvchannel
河南都市	tvchannel
河南民生	tvchannel
河南法制	tvchannel
河南剧场	tvchannel
河南新闻	tvchannel
河南商务	tvchannel
河南公共	tvchannel
河南农村	tvchannel
武术世界	tvchannel
郑州新闻综合	tvchannel
郑州商都	tvchannel
郑州文化娱乐	tvchannel
郑州时尚	tvchannel
郑州政法	tvchannel
郑州影视	tvchannel
洛阳综合	tvchannel
洛阳科教	tvchannel
洛阳公共	tvchannel
安阳新闻综合	tvchannel
广东公共	tvchannel
广东新闻	tvchannel
广东移动	tvchannel
广东国际	tvchannel
广东会展	tvchannel
广东房产	tvchannel
广东珠江	tvchannel
珠江电影	tvchannel
岭南戏曲	tvchannel
邮轮旅游	tvchannel
高尔夫	tvchannel
广州综合	tvchannel
广州影视	tvchannel
广州新闻	tvchannel
广州经济	tvchannel
广州英语	tvchannel
广州少儿	tvchannel
南方经视	tvchannel
南方综艺	tvchannel
南方影视	tvchannel
南方少儿	tvchannel
深圳都市	tvchannel
深圳电视剧	tvchannel
深圳财经	tvchannel
深圳娱乐	tvchannel
深圳体育健康	tvchannel
深圳少儿	tvchannel
深圳公共	tvchannel
dv生活	tvchannel
惠州1台	tvchannel
惠州2台	tvchannel
珠海1台	tvchannel
珠海2台	tvchannel
珠海专题	tvchannel
东莞1台	tvchannel
东莞2台	tvchannel
潮州综合	tvchannel
潮州公共	tvchannel
嘉佳卡通	tvchannel
云浮综合	tvchannel
江门综合	tvchannel
佛山综合	tvchannel
佛山公共	tvchannel
汕头综合	tvchannel
汕尾综合	tvchannel
河源综合	tvchannel
河源公共	tvchannel
茂名综合	tvchannel
梅州综合	tvchannel
韶关综合	tvchannel
阳江综合	tvchannel
阳江公共	tvchannel
台山综合	tvchannel
腾讯直播	tvchannel
tga游戏直播	tvchannel
湖北综合	tvchannel
湖北经视	tvchannel
湖北公共	tvchannel
美嘉购物	tvchannel
湖北影视	tvchannel
湖北教育	tvchannel
孕育指南	tvchannel
湖北城市电视	tvchannel
湖北垄上	tvchannel
湖北碟市	tvchannel
湖北职业指南	tvchannel
武汉新闻综合	tvchannel
武汉文艺	tvchannel
武汉科教生活	tvchannel
武汉影视	tvchannel
武汉海外	tvchannel
武汉少儿	tvchannel
鄂州新闻	tvchannel
鄂州图文	tvchannel
襄阳新闻综合	tvchannel
襄阳经济	tvchannel
荆门新闻综合	tvchannel
荆门公共	tvchannel
荆门新农村	tvchannel
黄石新闻	tvchannel
黄石综合	tvchannel
黄石都市	tvchannel
黄石移动	tvchannel
三峡综合	tvchannel
三峡移动	tvchannel
荆州新闻	tvchannel
荆州社区	tvchannel
福建综合	tvchannel
福建公共	tvchannel
福建新闻	tvchannel
福建电视剧	tvchannel
福建都市时尚	tvchannel
福建经济生活	tvchannel
福建体育	tvchannel
福建少儿	tvchannel
福州新闻综合	tvchannel
福州影视	tvchannel
福州生活	tvchannel
福州少儿	tvchannel
福州网络	tvchannel
厦门新闻	tvchannel
厦门纪实	tvchannel
厦门生活	tvchannel
厦门影视	tvchannel
泉州新闻综合	tvchannel
重庆移动	tvchannel
重庆财经	tvchannel
魅力时装	tvchannel
重庆汽摩	tvchannel
重庆少儿	tvchannel
重庆时尚	tvchannel
重庆都市	tvchannel
重庆科教	tvchannel
重庆新闻	tvchannel
重庆手持电视	tvchannel
贵州5频道	tvchannel
天元围棋	tvchannel
家有购物	tvchannel
河北经济	tvchannel
河北都市	tvchannel
河北影视	tvchannel
河北公共	tvchannel
河北农民	tvchannel
石家庄新闻综合	tvchannel
唐山新闻综合	tvchannel
唐山生活服务	tvchannel
唐山影视频道	tvchannel
唐山公共频道	tvchannel
吉林都市	tvchannel
吉林生活	tvchannel
吉林影视	tvchannel
吉林乡村	tvchannel
吉林公共	tvchannel
吉林法制	tvchannel
吉林篮球	tvchannel
东北戏曲	tvchannel
长春市民频道	tvchannel
长春综合频道	tvchannel
延边网络	tvchannel
广西都市	tvchannel
广西国际	tvchannel
广西影视	tvchannel
广西综艺	tvchannel
广西公共	tvchannel
广西资讯	tvchannel
广西乐思购	tvchannel
晴彩广西交通	tvchannel
南宁新闻综合	tvchannel
南宁都市生活	tvchannel
南宁影视娱乐	tvchannel
南宁公共	tvchannel
嘉禧购物	tvchannel
柳州新闻综合	tvchannel
柳州科教	tvchannel
柳州公共	tvchannel
梧州公共	tvchannel
西宁新闻	tvchannel
西宁生活	tvchannel
彩民在线	tvchannel
老年福	tvchannel
太原新闻	tvchannel
太原百姓	tvchannel
太原法制	tvchannel
大同新闻综合	tvchannel
大同文化影视	tvchannel
陕西新闻资讯	tvchannel
陕西都市生活	tvchannel
陕西经济	tvchannel
陕西公共	tvchannel
乐家购物	tvchannel
陕西秦腔直播	tvchannel
陕西农林卫视	tvchannel
西安新闻综合	tvchannel
西安白鸽都市	tvchannel
西安商务资讯	tvchannel
西安音乐综艺	tvchannel
西安健康快乐	tvchannel
榆林1台	tvchannel
榆林2台	tvchannel
宝鸡新闻综合	tvchannel
宝鸡经济生活	tvchannel
内蒙古新闻综合	tvchannel
内蒙古文体	tvchannel
内蒙古经济	tvchannel
内蒙古影视	tvchannel
内蒙古少儿	tvchannel
内蒙古生活	tvchannel
呼和浩特新闻综合	tvchannel
呼和浩特都市生活	tvchannel
呼和浩特影视娱乐	tvchannel
宁夏公共	tvchannel
宁夏经济	tvchannel
宁夏少儿	tvchannel
兵团综合	tvchannel
新疆新闻综合(维语)	tvchannel
新疆新闻综合(哈语)	tvchannel
新疆综艺(维语)	tvchannel
新疆综艺(哈语)	tvchannel
新疆经济生活(维语)	tvchannel
新疆体育健康	tvchannel
新疆教育	tvchannel
乌鲁木齐新闻(汉语)	tvchannel
乌鲁木齐新闻(维语)	tvchannel
克拉玛依汉语频道	tvchannel
甘肃新闻	tvchannel
甘肃公共	tvchannel
甘肃都市	tvchannel
甘肃少儿	tvchannel
甘肃经济	tvchannel
甘肃影视	tvchannel
晴彩兰州	tvchannel
兰州公共	tvchannel
兰州新闻综合	tvchannel
兰州生活经济	tvchannel
兰州体育	tvchannel
海南综合	tvchannel
海南新闻	tvchannel
海南影视剧	tvchannel
海南生活综艺	tvchannel
海南科教青少	tvchannel
港凤凰卫视中文台	tvchannel
港凤凰卫视资讯台	tvchannel
港凤凰卫视香港台	tvchannel
港凤凰卫视美洲台	tvchannel
港香港卫视	tvchannel
港[v]音乐台	tvchannel
港[v]音乐台(泰国)	tvchannel
港[v]音乐台(印度)	tvchannel
港阳光卫视	tvchannel
港tvb8	tvchannel
港星空卫视	tvchannel
港星空国际	tvchannel
港卫视体育	tvchannel
港华娱卫视	tvchannel
港新城财经	tvchannel
港本港台	tvchannel
港本港台(美洲版)	tvchannel
港亚洲电视国际台	tvchannel
港tvb星河台	tvchannel
港tvb新闻台	tvchannel
港tvb互动新闻台	tvchannel
港tvb翡翠台	tvchannel
港tvb高清翡翠台	tvchannel
港tvb卫星台	tvchannel
港tvb j2台	tvchannel
港tvb明珠台	tvchannel
港tvb电影台	tvchannel
港tvb生活台	tvchannel
港tvb经典台	tvchannel
港潮商卫视	tvchannel
港健康卫视	tvchannel
港创世电视	tvchannel
港有线18台	tvchannel
港美亚电视剧	tvchannel
港旅游经济	tvchannel
港人人网络	tvchannel
澳澳亚卫视	tvchannel
澳澳视澳门	tvchannel
澳澳视葡文	tvchannel
澳澳门macau	tvchannel
澳澳视体育	tvchannel
澳澳门资讯	tvchannel
澳澳视高清	tvchannel
澳中华卫视神州台	tvchannel
澳莲花卫视	tvchannel
澳新天卫视	tvchannel
澳thx hd	tvchannel
台全球财经	tvchannel
台卫视体育台湾	tvchannel
台卫视电影台	tvchannel
台东森综合台	tvchannel
台东森亚洲台	tvchannel
台东森财经新闻	tvchannel
台东森新闻	tvchannel
台东森亚洲新闻	tvchannel
台东森电影	tvchannel
台东森洋片台	tvchannel
台东森幼幼	tvchannel
台纬来hd	tvchannel
台纬来体育	tvchannel
台宏观卫视	tvchannel
台壹电视新闻台	tvchannel
台udn联合新闻	tvchannel
台公视	tvchannel
台台视	tvchannel
台台视美洲	tvchannel
台中视	tvchannel
台华视	tvchannel
台民视	tvchannel
台民视新闻	tvchannel
台交通电视台	tvchannel
台中天新闻	tvchannel
台中天综合	tvchannel
台中天娱乐	tvchannel
台三立都会	tvchannel
台三立新闻	tvchannel
台年代新闻	tvchannel
台年代much	tvchannel
台年代哈日	tvchannel
台吉本东风	tvchannel
台非凡新闻	tvchannel
台tvbs	tvchannel
台tvbs欢乐台	tvchannel
台tvbs新闻台	tvchannel
台云森新闻	tvchannel
台大台中新闻	tvchannel
台南投新闻	tvchannel
台冠军台	tvchannel
台mtv音乐台(中国)	tvchannel
台大爱电视1台	tvchannel
台好消息1台	tvchannel
台好消息2台	tvchannel
台生命	tvchannel
台唯心卫视	tvchannel
台唯心卫视美洲台	tvchannel
台希望电视台	tvchannel
台法界卫星	tvchannel
台华藏卫视	tvchannel
韩女性频道	tvchannel
韩电影频道	tvchannel
韩mbc hd	tvchannel
韩kbs1 hd	tvchannel
韩kbs2 hd	tvchannel
韩kbs24	tvchannel
韩sbs	tvchannel
韩sbs hd	tvchannel
韩sbs plus hd	tvchannel
韩sbs cnbc	tvchannel
韩kbc sbs hd	tvchannel
韩cjb	tvchannel
韩jtbc	tvchannel
韩btv	tvchannel
韩cgntv hd	tvchannel
韩cgntv中文台	tvchannel
韩阿里郎	tvchannel
韩阿里郎新闻台	tvchannel
韩ktv hd	tvchannel
韩朝鲜日报台	tvchannel
韩ytn world	tvchannel
韩ytn science hd	tvchannel
韩24小时新闻频道	tvchannel
韩mbn	tvchannel
韩mtn hd	tvchannel
韩cbs	tvchannel
韩ubc	tvchannel
韩wow hd	tvchannel
日富士电视台	tvchannel
日nhk国际台	tvchannel
日axn亚洲	tvchannel
日axn科学频道	tvchannel
日axn crime	tvchannel
日nckyo	tvchannel
美五角大楼频道	tvchannel
美trace hd音乐频道	tvchannel
美universal hd	tvchannel
美cnbc	tvchannel
美cnbc tv18	tvchannel
美cnbc印度台	tvchannel
美cbn新闻	tvchannel
美cbn	tvchannel
美voa卫视	tvchannel
美voa波斯语频道	tvchannel
美英语电影频道	tvchannel
美华夏娱乐卫视	tvchannel
美彭博财经	tvchannel
美美国中文电视	tvchannel
美环球东方卫视	tvchannel
美icn纽约中文台	tvchannel
美icn纽约英文台	tvchannel
美icn洛杉矶中文台	tvchannel
美icn洛杉矶英文台	tvchannel
美icn旧金山英文台	tvchannel
美ows世界体育	tvchannel
美nba直播	tvchannel
美espn	tvchannel
美espn台湾	tvchannel
美discovery	tvchannel
美discovery world	tvchannel
美探索科学台	tvchannel
美国家地理	tvchannel
美ng野生频道	tvchannel
美动物星球	tvchannel
美hbo	tvchannel
美hbo hd	tvchannel
美hbo hd(罗马尼亚)	tvchannel
美好莱坞电影频道	tvchannel
美tcm	tvchannel
美迪士尼	tvchannel
美cn卡通台	tvchannel
美cnn	tvchannel
美fox5 hd	tvchannel
美fox news	tvchannel
美nasatv hd	tvchannel
美cspan 1台	tvchannel
美cspan 2台	tvchannel
美cspan 3台	tvchannel
美马蒂电视台	tvchannel
美ewtn	tvchannel
英euro sport 1	tvchannel
英euro sport 2	tvchannel
英bbc one	tvchannel
英bbc news	tvchannel
英bbc world news	tvchannel
英bbc parliament	tvchannel
英bbc news arabic	tvchannel
英bbc news farsi	tvchannel
英channel4	tvchannel
英dave	tvchannel
英scuba	tvchannel
英cartoonito	tvchannel
法itele	tvchannel
法bfmtv24x7新闻台	tvchannel
法france 24	tvchannel
法france 24(英)	tvchannel
法france 24(阿)	tvchannel
法disco	tvchannel
法tv5	tvchannel
法air	tvchannel
澳australia network	tvchannel
澳澳大利亚apac	tvchannel
澳abc	tvchannel
澳abc(粤)	tvchannel
澳澳大利亚众议院台	tvchannel
加cbc hd	tvchannel
加lcntv	tvchannel
印star utsav	tvchannel
印ndtv24x7英语新闻	tvchannel
印印度channel one	tvchannel
印印尼美都电视台	tvchannel
印印尼tvone	tvchannel
印tvri	tvchannel
印tvri nasional	tvchannel
印tvri 3	tvchannel
印tvri 4	tvchannel
越thvl1	tvchannel
越thvl2	tvchannel
越vov	tvchannel
越btv	tvchannel
菲菲律宾rhtv	tvchannel
菲菲律宾untv	tvchannel
瑞日内瓦电视台	tvchannel
瑞卢塞恩电视台	tvchannel
俄俄罗斯国家台	tvchannel
俄俄罗斯国际综合	tvchannel
俄russia today(英)	tvchannel
俄russia today(阿)	tvchannel
俄rt america(英)	tvchannel
俄rt documentary	tvchannel
俄24小时新闻	tvchannel
俄hth	tvchannel
俄ihtep	tvchannel
俄подмосковье	tvchannel
俄ростов тест	tvchannel
俄мир	tvchannel
俄эксперт	tvchannel
俄просвещение	tvchannel
俄8tv	tvchannel
蒙ubs	tvchannel
白白俄罗斯国际频道	tvchannel
乌乌克兰音乐频道	tvchannel
乌乌克兰公共独立电视台	tvchannel
乌乌克兰11频道	tvchannel
卡半岛电视台(英)	tvchannel
卡半岛电视台(阿)	tvchannel
卡半岛记录频道	tvchannel
卡卡塔尔国家台	tvchannel
比图尔奈电视台	tvchannel
泰泰国国家电视台	tvchannel
泰泰国国际中文台	tvchannel
泰tv5	tvchannel
泰tv9	tvchannel
泰mvtv major mix	tvchannel
泰mvtv5	tvchannel
泰mvtv variety	tvchannel
泰mvtv star channel	tvchannel
泰mvtv i news	tvchannel
泰mvtv man	tvchannel
泰mvtv major	tvchannel
泰zaa network	tvchannel
西西班牙国家新闻台	tvchannel
西antena 3	tvchannel
伊伊朗新闻台	tvchannel
伊伊朗英语新闻台	tvchannel
伊德黑兰电视台	tvchannel
土土耳其trt2	tvchannel
土土耳其trt4	tvchannel
土土耳其trt5	tvchannel
土土耳其trt6	tvchannel
土土耳其纪录片	tvchannel
土cnbce	tvchannel
土cine5	tvchannel
土tv24	tvchannel
土trt avaz	tvchannel
罗sport ro	tvchannel
罗tvr1	tvchannel
德dwtv	tvchannel
哈哈萨克斯坦国家台	tvchannel
哈caspionet	tvchannel
荷橙色体育	tvchannel
荷荷兰rtv台	tvchannel
马马来西亚itv	tvchannel
马马来西亚tv1	tvchannel
马马来西亚tv2	tvchannel
马马来西亚tv9	tvchannel
马astro ceria	tvchannel
马astro oasis	tvchannel
哥哥斯达黎加国家台	tvchannel
古古巴视野国际频道	tvchannel
梵梵蒂冈电视台	tvchannel
委委內瑞拉国家台	tvchannel
缅skynet sport1	tvchannel
阿阿根廷26新闻频道	tvchannel
阿阿尔巴尼亚ra news	tvchannel
意意大利新闻台	tvchannel
格georgian 1tv	tvchannel
匈匈牙利tvs台	tvchannel
以以色列议会台	tvchannel
沙沙特阿拉伯国家台	tvchannel
沙沙特saudi tv 1	tvchannel
沙沙特ksa2	tvchannel
埃尼罗河国际频道	tvchannel
巴巴基斯坦samaatv	tvchannel
巴巴基斯坦电视1台	tvchannel
巴巴勒斯坦圣城卫视	tvchannel
巴巴林电视台	tvchannel
安安道尔电视台	tvchannel
柬柬埔寨tv3	tvchannel
柬柬埔寨国家台	tvchannel
塞塞浦路斯brt	tvchannel
突突尼斯国家1台	tvchannel
孟star jalsha	tvchannel
洪teleceiba 7	tvchannel
北京电视台	tvchannel
北京电视台财经频道	tvchannel
北京电视台体育频道	tvchannel
长沙电视台	tvchannel
长沙公共频道	tvchannel
长沙女性频道	tvchannel
长沙新闻频道	tvchannel
长沙政法频道	tvchannel
第一财经频道	tvchannel
东风卫视	tvchannel
东森电视台	tvchannel
翡翠卫视	tvchannel
凤凰卫视	tvchannel
凤凰卫视电影台	tvchannel
凤凰卫视美洲台	tvchannel
凤凰卫视欧洲台	tvchannel
凤凰卫视中文台	tvchannel
凤凰卫视资讯台	tvchannel
福建海峡卫视	tvchannel
福建新闻频道	tvchannel
广州卫视	tvchannel
海南卫视	tvchannel
湖南公共频道	tvchannel
湖南经济电视台	tvchannel
湖南时尚频道	tvchannel
湖南影视频道	tvchannel
湖南娱乐频道	tvchannel
江苏少儿频道	tvchannel
江苏体育频道	tvchannel
昆明电视台	tvchannel
南京电视台	tvchannel
南京影视频道	tvchannel
上海电视台电视剧频道	tvchannel
上海电视台纪实频道	tvchannel
上海电视台生活时尚频道	tvchannel
上海电视台体育频道	tvchannel
上海电视台新闻综合频道	tvchannel
上海东方电视台文艺频道	tvchannel
上海东方电视台戏剧频道	tvchannel
上海东方电视台新闻娱乐频道	tvchannel
上海东方电视台音乐频道	tvchannel
上海卫视	tvchannel
上海文广集团	tvchannel
十八频道	tvchannel
台北国际卫星电视网	tvchannel
台湾电视台	tvchannel
台湾宏观卫视	tvchannel
台湾民视	tvchannel
卫视电影台	tvchannel
卫视中文台	tvchannel
武汉卫视	tvchannel
无锡城市资讯	tvchannel
无锡影视	tvchannel
香港新知台	tvchannel
潇湘电影频道	tvchannel
亚洲电视台	tvchannel
阳光卫视	tvchannel
云南电视台	tvchannel
直播都市频道	tvchannel
中华电视公司	tvchannel
中天新闻台	tvchannel
中天娱乐台	tvchannel
中天综合台	tvchannel
中央电视台	tvchannel
中央电视台第一剧场频道	tvchannel
中央电视台电视剧频道	tvchannel
中央电视台电影频道	tvchannel
中央电视台风云足球频道	tvchannel
中央电视台高尔夫网球频道	tvchannel
中央电视台高清电视频道	tvchannel
中央电视台国际频道	tvchannel
中央电视台国家地理频道	tvchannel
中央电视台经济频道	tvchannel
中央电视台科教频道	tvchannel
中央电视台少儿频道	tvchannel
中央电视台社会与法频道	tvchannel
中央电视台体育频道	tvchannel
中央电视台文艺频道	tvchannel
中央电视台西法频道	tvchannel
中央电视台戏曲频道	tvchannel
中央电视台新闻频道	tvchannel
中央电视台英语频道	tvchannel
中央电视台中视购物	tvchannel
中央电视台综合频道	tvchannel
cctv	tvchannel
btv	tvchannel
tvb	tvchannel
