官网 	website
网站	website
网页	website
大学励志网	website
大学生活分享网	website
大学网	website
泸州教育网	website
腾讯教育频道	website
中国教育出版网	website
中国教育新闻网	website
中国教育在线	website
北京挂号网	website
中国统一教育网	website
中华人民共和国教育部门户网站	website
中小学教育资源网	website
百度	website
贴吧	website
文库	website
落伍者站长网	website
亲贝网	website
守望者站长网	website
挖贝网	website
孕婴童商务网	website
站长之家	website
中国生命科学论坛	website
中文科技资讯网	website
新浪	website
搜狐	website
网易	website
腾讯网	website
焦点房产	website
１号店	website
爱淘宝	website
新华网	website
人民网	website
凤凰网	website
联合早报	website
聚划算	website
谷歌	website
中华网	website
淘宝网	website
去哪儿	website
唯品会	website
凡客诚品	website
亚马逊	website
京东商城	website
联想商城	website
国美在线	website
苏宁易购	website
华为商城	website
人人网	website
天猫	website
同程网	website
聚美优品	website
QQ空间	website
玛萨玛索	website
耐克专卖	website
携程旅行	website
环球网	website
东方新闻	website
上海热线新闻中心	website
中华网新闻	website
大公网	website
香港文汇报	website
南方网	website
国际在线	website
光明网	website
21CN新闻	website
千龙网	website
澎湃新闻	website
东南网	website
中国评论新闻	website
星岛日报	website
澳门日报	website
今日新闻	website
海峡网	website
新闻网	website
北青网	website
中华日报	website
大洋网	website
路透中文网	website
中国网	website
金羊网	website
自由时报	website
中青在线	website
中国日报	website
南方周末	website
华商网	website
四川在线	website
华尔街日报	website
星岛环球网	website
浙江在线	website
法制网	website
中国记协网	website
湖南在线	website
中国警察网	website
中国科技网	website
南方日报	website
中国经营报	website
中国消费网	website
中国新闻周刊	website
中国经济网	website
南风窗	website
中国台湾网	website
中国侨网	website
中国军网	website
宣讲家网	website
好奇心日报	website
华夏经纬	website
中国文明网	website
和讯财经新闻	website
未来网	website
搜搜新闻	website
中国青年网	website
华夏经纬网	website
ZAKER新闻	website
中国网联网	website
正义网	website
美国中文网	website
中安在线	website
安徽网	website
合肥在线	website
巢湖在线	website
枞阳在线	website
中国亳州网	website
皖江明珠网	website
皖江在线	website
中国宣城网	website
滁州网	website
澳门日報	website
澳门时报	website
澳门月刊	website
京报网	website
北晚新视觉	website
华夏时报	website
新京报	website
大燕网	website
北京晨报网	website
华龙网	website
大渝网	website
重庆晚报网	website
大足网	website
武陵传媒网	website
江津网	website
福建之窗	website
闽南网	website
厦门网	website
台海网	website
宁德网	website
宁德蕉城在线	website
泉州网	website
三明网	website
大宁网	website
每日甘肃	website
中国甘肃网	website
中国兰州网	website
中国定西网	website
中国酒泉网	website
中国张掖网	website
中国临夏网	website
天天天水网	website
奥一网	website
大华网	website
大粤网	website
东莞阳光网	website
中国江门网	website
今日惠州网	website
善为网	website
茂名网	website
西江网	website
东莞时间网	website
中山网	website
梅州网	website
河源网	website
桂林生活网	website
桂视网	website
梧州零距离	website
河池网	website
来宾网	website
防城	website
华声晨报网	website
多彩贵州网	website
贵阳网	website
中国六盘水网	website
毕节试验区网	website
遵义网	website
黔讯网	website
铜仁网	website
南海网	website
海南在线	website
海口网	website
长城网	website
今日渤海网	website
和合承德网	website
全保定网	website
邢台网	website
大河网	website
中原网	website
豫都网	website
大豫网	website
映象网	website
焦作网	website
濮阳网	website
洛阳网	website
漯河网	website
黄河网	website
鹤壁网	website
开封网	website
周口网	website
周口中华龙都网	website
新乡网	website
驻马店网	website
许昌网	website
商丘网	website
济源网	website
中国三门峡网	website
安阳网	website
东北网	website
湖北日报网	website
大楚网	website
长江网	website
南报网	website
三峡宜昌网	website
汉网	website
孝感网	website
襄阳日报网	website
十堰秦楚网	website
天门网	website
荆州日报楚网	website
随州楚北网	website
随州网	website
华声在线	website
新湖南	website
湖南日报	website
大湘网	website
凤凰网湖南频道	website
潇湘晨报网	website
红网--湖南新闻	website
星辰在线	website
湘潭在线	website
株洲网	website
邵阳新闻在线	website
常德尚一网	website
湘西网	website
娄底日报新新网	website
中国吉林网	website
松花江网	website
延边信息港	website
新华报业网	website
江苏音符	website
龙虎网	website
南京报业网	website
中国江苏网	website
大苏网	website
南通网	website
扬子晚报网	website
扬州网	website
连云港传媒网	website
中国徐州网	website
宿迁西楚网	website
镇江金山网	website
常州网	website
无锡新传媒网	website
名城苏州	website
宿迁网	website
中国江西网	website
大江网	website
江西文明网	website
中新网	website
今视网	website
景德镇	website
中国萍乡网	website
中国吉安网	website
上饶之窗	website
北国网	website
大辽网	website
沈阳网	website
大连天健网	website
千华网	website
辽东网	website
盘锦网	website
正北方网	website
中国通辽网	website
呼伦贝尔新闻	website
宁夏网	website
吴忠网	website
中国山东网	website
大众网	website
鲁网	website
齐鲁网	website
舜网	website
鲁南在线	website
齐鲁晚报网	website
水母网	website
半岛网	website
胶东在线	website
中国菏泽网	website
鲁南网	website
中华泰山网	website
东营网	website
鲁中网	website
滨州传媒网	website
东方圣城网	website
日照网	website
泰山网	website
吕梁网	website
忻州在线	website
陕西传媒网	website
西部网	website
陕西网	website
陕西省新闻发布中心	website
大秦网	website
三秦网	website
西安网	website
铜川日报传媒网	website
东方网	website
上海热线新闻	website
解放网	website
新民网	website
大申网	website
文汇报	website
大成网	website
四川发布	website
中新社	website
成都全搜索	website
华西都市网	website
四川日报网	website
泸州网	website
眉山网	website
自贡网	website
巴中传媒网	website
广安在线	website
德阳网	website
资阳网	website
达州日报网	website
中国时报	website
天津网	website
北方网	website
今晚网	website
中国西藏网	website
今日西藏昌都	website
中国西藏林芝网	website
阿里网	website
香港新聞網	website
橙新聞	website
香港经济日报	website
无线新闻	website
香港环球新闻在线	website
新疆网	website
亚心网	website
新疆亚欧网	website
乌鲁木齐在线	website
红山网	website
今日哈密网	website
克拉玛依网	website
中国喀什网	website
丝绸之路在线	website
丽江网	website
玉溪网	website
昆明信息港	website
德宏网	website
点击楚雄	website
怒江大峡谷网	website
中国红河网	website
浙江都市网	website
大浙网	website
浙江新闻	website
杭州网	website
中国宁波网	website
中国台州网	website
萧山网	website
湖州在线	website
舟山网	website
嘉兴在线	website
绍兴网	website
丽水网	website
丽水在线	website
温州日报瓯网	website
博客	website
微博	website
财经网名家博客	website
东方财富博客	website
和讯博客	website
博客中国	website
中国博客网	website
博客网	website
中金博客	website
天涯博客	website
中国证券网博客	website
豆瓣	website
博客园	website
豆丁网	website
企博网	website
教育人博客	website
瑞丽博客	website
POCO空间	website
维基百科	website
360doc个人图书馆	website
钱包网	website
喷嚏网	website
有意思吧	website
草根网	website
互动百科	website
乐乎	website
51CTO博客	website
天涯社区	website
知乎	website
西祠胡同	website
开心网	website
凯迪网络	website
猫扑	website
西陆论坛	website
铁血社区	website
华声论坛	website
朋友网	website
论坛	website
广西红豆社区	website
水木社区	website
中国改革论坛	website
优酷	website
爱奇艺	website
土豆网	website
乐视网	website
哔哩哔哩	website
56网	website
六间房	website
天天看看	website
酷6网	website
风行网	website
呱呱视频演艺社区	website
偶偶网	website
播视网	website
皮皮网	website
城视网	website
58同城	website
赶集网	website
百姓网	website
大众点评网	website
篱笆网	website
口碑网	website
中国网生活频道	website
爱打听	website
今题网	website
达人生活馆	website
都市客	website
我爱购物网	website
爱美女性网	website
易登网	website
爱奇艺生活频道	website
精品网	website
名品导购网	website
大河网生活圈	website
YOKA时尚网	website
福州便民网	website
生活报网	website
世纪佳缘	website
珍爱网	website
百合网	website
知己网	website
爱在这儿	website
搜狐白社会	website
58同城交友	website
爱情公寓	website
玫瑰情人网	website
人和网	website
领英	website
速配网	website
职内网	website
贵州E友社区	website
ChinaRen校友录	website
爱真心	website
淘男网	website
爱情人网	website
圈网你我他	website
福建交友中心	website
中国红娘网	website
缘来网	website
缘来客	website
有缘网	website
东方财富网	website
南方财富网	website
和讯网	website
同花顺财经	website
搜狐财经	website
我爱卡	website
中证网	website
金投网	website
股城网	website
理想财富	website
中金在线	website
天天基金网	website
银行信息港	website
中财网	website
证券之星	website
汇通网	website
第一黄金网	website
世界经理人	website
华尔街见闻	website
经传多盈	website
中金网	website
中国证券网	website
全景网	website
中国电子银行网	website
巨潮资讯网	website
至诚财经网	website
纸金网	website
华讯财经	website
FT中文网	website
财经网	website
第一财经	website
百度财经新闻	website
财新网	website
华股财经	website
新华财经	website
阿斯达克财经网	website
外汇通	website
嘉瑞基外汇之星	website
24k99黄金宝	website
中新财经	website
FX168财经网	website
财界网	website
前程无忧	website
中华英才网	website
智联招聘	website
中国人才热线	website
南方人才网	website
百度招聘搜索引擎	website
中国国家人才网	website
海峡人才网	website
中国专业人才网	website
528招聘网	website
百才招聘	website
应届生求职网	website
1010兼职网	website
数字英才	website
卓博人才网	website
应届毕业生求职网	website
英才网联	website
人才职业网	website
高校人才网	website
赶集招聘	website
百大英才网	website
中国人力资源开发网	website
智通人才网	website
外企人才在线	website
我的工作网	website
中国人力资源网	website
职友集招聘网	website
俊才招聘网	website
罗才人才市场	website
中国研究生人才网	website
天基人才网	website
新世纪人才网	website
第一招聘网	website
博思人才网	website
硕博招聘网	website
拉勾网	website
猎聘网	website
中国就业网	website
实习生招聘网	website
数英网	website
看准网	website
海投网	website
梧桐果	website
携程	website
艺龙	website
同程旅游网	website
途牛	website
飞猪	website
信天游	website
芒果网	website
遨游	website
穷游网	website
